股票名稱,持股(千股),比例,增減,ETF_Id
台積電,"413,696.00",63.89,+2.18%,0050
鴻海,"206,933.00",3.97,-0.61%,0050
聯發科,"24,946.00",3.82,+0.40%,0050
台達電,"32,784.00",3.48,+0.45%,0050
日月光投控,"55,725.00",1.44,+0.10%,0050
中信金,"300,318.00",1.33,-0.11%,0050
富邦金,"141,612.00",1.12,-0.19%,0050
廣達,"44,742.00",1.09,-0.08%,0050
聯電,"197,082.00",1.07,+0.14%,0050
國泰金,"158,529.00",1.04,-0.12%,0050
智邦,"8,349.00",0.81,-0.14%,0050
玉山金,"261,525.00",0.76,-0.08%,0050
中華電,"64,569.00",0.75,-0.06%,0050
台新新光金,"369,610.00",0.73,+0.01%,0050
台光電,"4,742.00",0.72,-0.04%,0050
奇鋐,"5,511.00",0.70,-0.10%,0050
元大金,"184,214.00",0.69,-0.01%,0050
兆豐金,"198,468.00",0.67,-0.10%,0050
國巨*,"26,093.00",0.63,+0.05%,0050
緯創,"51,082.00",0.58,-0.17%,0050
緯穎,"1,768.00",0.55,-0.21%,0050
南亞,"83,285.00",0.55,+0.07%,0050
南亞科,"19,009.00",0.54,+0.19%,0050
致茂,"6,216.00",0.53,+0.06%,0050
統一,"83,355.00",0.52,-0.10%,0050
華碩,"11,586.00",0.50,-0.11%,0050
永豐金,"200,933.00",0.50,-0.05%,0050
光寶科,"32,938.00",0.47,-0.05%,0050
第一金,"183,574.00",0.46,-0.06%,0050
華南金,"156,254.00",0.45,-0.02%,0050
凱基金,"267,435.00",0.42,-0.02%,0050
世芯-KY,"1,361.00",0.37,-0.08%,0050
合庫金,"175,695.00",0.36,-0.05%,0050
健策,"1,416.00",0.35,-0.02%,0050
中鋼,"193,864.00",0.35,0.00%,0050
瑞昱,"8,320.00",0.35,-0.04%,0050
貿聯-KY,"3,006.00",0.34,-0.10%,0050
大立光,"1,621.00",0.34,-0.05%,0050
聯詠,"9,808.00",0.32,-0.03%,0050
長榮,"18,538.00",0.30,-0.04%,0050
台塑,"70,467.00",0.29,+0.02%,0050
川湖,952.00,0.26,-0.09%,0050
康霈*,"16,667.00",0.24,-0.01%,0050
遠傳,"29,769.00",0.23,-0.02%,0050
和泰車,"4,648.00",0.22,-0.03%,0050
台灣大,"23,967.00",0.22,-0.03%,0050
研華,"7,675.00",0.20,-0.01%,0050
統一超,"9,152.00",0.17,-0.02%,0050
萬海,"23,456.00",0.15,-0.03%,0050
台塑化,"19,371.00",0.09,0.00%,0050
欣興,361.00,5.36,+1.75%,0051
華邦電,824.00,4.15,+1.06%,0051
京元電子,309.00,3.59,+0.12%,0051
金像電,91.00,2.51,-0.34%,0051
力積電,873.00,2.38,+0.81%,0051
創意,23.00,2.34,+0.14%,0051
藥華藥,77.00,2.33,+0.68%,0051
台泥,"1,864.00",1.93,-0.03%,0051
力成,187.00,1.86,+0.39%,0051
華通,269.00,1.78,+0.64%,0051
健鼎,121.00,1.78,+0.03%,0051
群創,"1,965.00",1.68,+0.16%,0051
亞德客-KY,38.00,1.68,+0.09%,0051
中租-KY,405.00,1.65,-0.28%,0051
上海商銀,"1,033.00",1.60,-0.30%,0051
彰銀,"1,975.00",1.58,-0.25%,0051
漢唐,44.00,1.55,-0.33%,0051
台化,909.00,1.51,+0.19%,0051
華城,39.00,1.50,+0.13%,0051
臻鼎-KY,196.00,1.50,+0.24%,0051
仁寶,"1,145.00",1.47,-0.11%,0051
華新,838.00,1.43,+0.22%,0051
和碩,523.00,1.43,-0.20%,0051
技嘉,147.00,1.34,-0.32%,0051
嘉澤,23.00,1.27,-0.06%,0051
英業達,697.00,1.23,-0.13%,0051
東元,368.00,1.18,-0.22%,0051
臺企銀,"1,921.00",1.16,-0.23%,0051
文曄,186.00,1.14,-0.02%,0051
可成,142.00,1.12,-0.23%,0051
長榮航,736.00,1.08,-0.14%,0051
穎崴,7.00,1.07,+0.17%,0051
大聯大,401.00,1.01,-0.05%,0051
陽明,473.00,0.99,-0.21%,0051
矽力*-KY,90.00,0.99,+0.20%,0051
光聖,14.00,0.96,+0.11%,0051
亞翔,42.00,0.95,-0.11%,0051
遠東新,853.00,0.93,-0.15%,0051
南電,58.00,0.88,+0.25%,0051
亞泥,631.00,0.87,-0.19%,0051
友達,"1,613.00",0.87,-0.03%,0051
聯強,331.00,0.85,-0.02%,0051
台中銀,"1,033.00",0.81,-0.16%,0051
上銀,82.00,0.80,+0.08%,0051
儒鴻,51.00,0.79,-0.10%,0051
大成鋼,506.00,0.78,-0.04%,0051
宏,782.00,0.77,-0.17%,0051
群光,166.00,0.76,-0.12%,0051
富世達,14.00,0.76,-0.25%,0051
億豐,45.00,0.75,+0.01%,0051
中興電,114.00,0.75,-0.02%,0051
神達,239.00,0.74,-0.20%,0051
寶成,611.00,0.73,-0.11%,0051
聚陽,59.00,0.71,-0.07%,0051
啟,95.00,0.69,+0.26%,0051
士電,76.00,0.68,+0.10%,0051
華航,781.00,0.68,-0.04%,0051
微星,184.00,0.65,-0.16%,0051
正新,508.00,0.61,-0.08%,0051
旭隼,18.00,0.61,-0.20%,0051
鴻準,267.00,0.60,-0.15%,0051
台灣高鐵,550.00,0.59,-0.11%,0051
瑞儀,123.00,0.59,-0.10%,0051
崇越,46.00,0.58,-0.03%,0051
信邦,61.00,0.56,+0.03%,0051
勤誠,15.00,0.55,-0.16%,0051
興富發,370.00,0.54,-0.14%,0051
創見,51.00,0.53,+0.08%,0051
美時,36.00,0.51,+0.04%,0051
台玻,264.00,0.50,+0.08%,0051
祥碩,10.00,0.49,-0.05%,0051
愛普*,28.00,0.47,-0.09%,0051
潤泰新,416.00,0.47,-0.10%,0051
聯華,261.00,0.47,-0.09%,0051
東陽,109.00,0.47,-0.02%,0051
大同,308.00,0.47,+0.03%,0051
神基,107.00,0.47,-0.10%,0051
豐泰,122.00,0.46,-0.18%,0051
保瑞,17.00,0.40,+0.02%,0051
玉晶光,22.00,0.40,-0.06%,0051
東和鋼鐵,129.00,0.35,-0.02%,0051
AES-KY,8.00,0.35,-0.12%,0051
潤泰全,172.00,0.34,-0.09%,0051
遠東銀,673.00,0.33,-0.06%,0051
精成科,75.00,0.32,-0.06%,0051
采鈺,28.00,0.31,-0.05%,0051
星宇航空,333.00,0.30,-0.06%,0051
台肥,165.00,0.30,-0.06%,0051
三陽工業,128.00,0.30,-0.06%,0051
禾榮科,17.00,0.29,-0.06%,0051
材料*-KY,145.00,0.28,-0.07%,0051
中保科,65.00,0.27,-0.05%,0051
裕融,72.00,0.22,-0.06%,0051
長榮航太,30.00,0.19,-0.01%,0051
富邦媒,23.00,0.17,-0.05%,0051
達發,10.00,0.17,-0.03%,0051
櫻花建,86.00,0.16,-0.03%,0051
來億-KY,15.00,0.13,-0.04%,0051
台灣精銳,4.00,0.11,0.00%,0051
鴻華先進-創,40.00,0.06,-0.02%,0051
台積電,"35,176.00",70.99,+0.89%,0052
鴻海,"17,591.00",4.41,-0.80%,0052
聯發科,"2,119.00",4.24,+0.34%,0052
日月光投控,"4,738.00",1.60,+0.08%,0052
廣達,"3,801.00",1.21,-0.12%,0052
聯電,"16,773.00",1.19,+0.13%,0052
欣興,"1,905.00",0.82,+0.27%,0052
台光電,408.00,0.81,-0.05%,0052
奇鋐,470.00,0.78,-0.13%,0052
國巨*,"2,250.00",0.71,+0.04%,0052
華邦電,"4,517.00",0.66,+0.18%,0052
緯創,"4,381.00",0.65,-0.19%,0052
緯穎,150.00,0.61,-0.25%,0052
南亞科,"1,589.00",0.59,+0.19%,0052
華碩,993.00,0.56,-0.13%,0052
京元電子,"1,634.00",0.55,+0.03%,0052
光寶科,"2,789.00",0.52,-0.07%,0052
世芯-KY,115.00,0.41,-0.10%,0052
健策,121.00,0.39,-0.03%,0052
瑞昱,709.00,0.39,-0.05%,0052
金像電,489.00,0.39,-0.04%,0052
貿聯-KY,257.00,0.38,-0.12%,0052
大立光,139.00,0.38,-0.06%,0052
力積電,"4,682.00",0.37,+0.13%,0052
創意,121.00,0.36,+0.03%,0052
聯詠,821.00,0.35,-0.05%,0052
力成,"1,004.00",0.29,+0.07%,0052
健鼎,634.00,0.27,+0.01%,0052
華通,"1,405.00",0.27,+0.10%,0052
群創,"10,490.00",0.26,+0.03%,0052
臻鼎-KY,"1,035.00",0.23,+0.04%,0052
仁寶,"6,177.00",0.23,-0.01%,0052
研華,675.00,0.23,-0.02%,0052
和碩,"2,776.00",0.22,-0.02%,0052
技嘉,793.00,0.21,-0.04%,0052
嘉澤,123.00,0.20,0.00%,0052
英業達,"3,714.00",0.19,-0.01%,0052
可成,790.00,0.18,-0.03%,0052
文曄,"1,015.00",0.18,+0.01%,0052
穎崴,36.00,0.16,+0.03%,0052
大聯大,"2,189.00",0.16,0.00%,0052
矽力*-KY,470.00,0.15,+0.03%,0052
南電,317.00,0.14,+0.04%,0052
聯強,"1,746.00",0.13,0.00%,0052
友達,"8,316.00",0.13,-0.01%,0052
群光,902.00,0.12,-0.01%,0052
富世達,74.00,0.12,-0.04%,0052
宏,"4,205.00",0.12,-0.02%,0052
神達,"1,226.00",0.11,-0.03%,0052
微星,975.00,0.10,-0.02%,0052
崇越,245.00,0.09,0.00%,0052
鴻準,"1,379.00",0.09,-0.02%,0052
瑞儀,649.00,0.09,-0.01%,0052
勤誠,87.00,0.09,-0.02%,0052
創見,264.00,0.08,+0.01%,0052
祥碩,55.00,0.08,0.00%,0052
愛普*,143.00,0.07,-0.02%,0052
神基,547.00,0.07,-0.02%,0052
玉晶光,116.00,0.06,-0.01%,0052
采鈺,154.00,0.05,0.00%,0052
精成科,405.00,0.05,-0.01%,0052
達發,61.00,0.03,0.00%,0052
台積電,252.00,56.03,+0.74%,0053
台達電,30.00,4.62,+0.50%,0053
聯發科,18.00,4.05,+0.33%,0053
鴻海,128.00,3.53,-0.64%,0053
日月光投控,47.00,1.73,+0.08%,0053
廣達,38.00,1.32,-0.13%,0053
南亞科,29.00,1.18,+0.39%,0053
中華電,66.00,1.10,-0.12%,0053
聯電,133.00,1.04,+0.12%,0053
智邦,7.00,0.95,-0.19%,0053
緯穎,2.00,0.95,-0.40%,0053
台光電,4.00,0.82,-0.05%,0053
創意,2.00,0.71,+0.06%,0053
華邦電,44.00,0.70,+0.19%,0053
欣興,15.00,0.69,+0.23%,0053
奇鋐,4.00,0.68,-0.12%,0053
致茂,4.00,0.53,+0.06%,0053
金像電,6.00,0.52,-0.05%,0053
光寶科,25.00,0.52,-0.07%,0053
川湖,1.00,0.48,-0.17%,0053
緯創,29.00,0.47,-0.14%,0053
台灣大,34.00,0.45,-0.07%,0053
國巨*,13.00,0.44,+0.02%,0053
華碩,7.00,0.44,-0.11%,0053
健策,1.00,0.41,-0.04%,0053
京元電子,10.00,0.37,+0.02%,0053
大立光,1.00,0.36,-0.07%,0053
貿聯-KY,2.00,0.34,-0.11%,0053
遠傳,27.00,0.30,-0.04%,0053
研華,8.00,0.29,-0.03%,0053
南電,6.00,0.29,+0.08%,0053
聯詠,6.00,0.28,-0.03%,0053
健鼎,6.00,0.27,+0.01%,0053
瑞昱,4.00,0.27,-0.04%,0053
華通,12.00,0.25,+0.10%,0053
力成,8.00,0.25,+0.06%,0053
AES-KY,2.00,0.24,-0.08%,0053
嘉澤,1.00,0.23,-0.01%,0053
臻鼎-KY,9.00,0.23,+0.04%,0053
和碩,25.00,0.22,-0.02%,0053
技嘉,7.00,0.21,-0.04%,0053
漢唐,2.00,0.21,-0.04%,0053
力積電,24.00,0.21,+0.07%,0053
旺宏,17.00,0.20,+0.10%,0053
英業達,34.00,0.19,-0.01%,0053
群創,70.00,0.19,+0.02%,0053
仁寶,44.00,0.18,-0.01%,0053
可成,7.00,0.18,-0.03%,0053
聯鈞,5.00,0.16,-0.04%,0053
景碩,5.00,0.15,+0.04%,0053
聯強,18.00,0.15,0.00%,0053
創見,4.00,0.14,+0.03%,0053
大聯大,17.00,0.14,0.00%,0053
啟,6.00,0.14,+0.06%,0053
華東,14.00,0.14,+0.03%,0053
尖點,5.00,0.13,0.00%,0053
神達,13.00,0.13,-0.04%,0053
文曄,7.00,0.13,0.00%,0053
友達,70.00,0.12,-0.01%,0053
精成科,9.00,0.12,-0.02%,0053
矽力*-KY,3.00,0.11,+0.02%,0053
勤誠,1.00,0.11,-0.03%,0053
矽格,6.00,0.10,0.00%,0053
宏,32.00,0.10,-0.01%,0053
鴻準,14.00,0.10,-0.02%,0053
群光,7.00,0.10,-0.01%,0053
神基,7.00,0.10,-0.01%,0053
信邦,3.00,0.09,+0.01%,0053
崇越,2.00,0.09,0.00%,0053
達興材料,2.00,0.09,-0.02%,0053
微星,8.00,0.09,-0.02%,0053
華泰,12.00,0.09,0.00%,0053
建準,5.00,0.09,-0.02%,0053
毅嘉,14.00,0.09,-0.03%,0053
祥碩,0.00,0.08,0.00%,0053
亞光,4.00,0.08,+0.01%,0053
華新科,5.00,0.08,0.00%,0053
新日興,3.00,0.08,0.00%,0053
玉晶光,1.00,0.08,-0.01%,0053
愛普*,1.00,0.08,-0.02%,0053
康舒,13.00,0.08,0.00%,0053
瑞儀,5.00,0.07,-0.01%,0053
台勝科,4.00,0.07,+0.02%,0053
晶豪科,3.00,0.07,+0.02%,0053
瀚宇博,6.00,0.07,0.00%,0053
亞翔,1.00,0.07,-0.01%,0053
牧德,1.00,0.06,-0.02%,0053
日電貿,5.00,0.06,-0.01%,0053
強茂,5.00,0.06,0.00%,0053
精誠,4.00,0.06,-0.01%,0053
長華*,10.00,0.06,0.00%,0053
致新,2.00,0.05,0.00%,0053
南茂,7.00,0.05,+0.01%,0053
同欣電,3.00,0.05,0.00%,0053
研揚,3.00,0.05,0.00%,0053
旭隼,0.00,0.05,-0.02%,0053
群電,5.00,0.05,-0.01%,0053
盟立,6.00,0.05,0.00%,0053
全新,2.00,0.05,0.00%,0053
超豐,4.00,0.05,-0.01%,0053
億光,7.00,0.05,0.00%,0053
廣宇,8.00,0.05,0.00%,0053
佳世達,16.00,0.05,0.00%,0053
聯陽,3.00,0.05,0.00%,0053
智原,2.00,0.05,-0.01%,0053
碩天,2.00,0.05,-0.01%,0053
智易,2.00,0.04,-0.01%,0053
晶技,4.00,0.04,0.00%,0053
威強電,5.00,0.04,-0.01%,0053
晶睿,3.00,0.04,0.00%,0053
華擎,1.00,0.04,-0.02%,0053
京鼎,1.00,0.04,0.00%,0053
敬鵬,8.00,0.04,+0.01%,0053
信錦,5.00,0.04,0.00%,0053
威盛,6.00,0.04,0.00%,0053
興勤,2.00,0.04,-0.01%,0053
義隆,3.00,0.04,-0.01%,0053
神腦,11.00,0.04,0.00%,0053
立隆電,3.00,0.04,-0.01%,0053
樺漢,1.00,0.04,0.00%,0053
台表科,3.00,0.04,-0.01%,0053
凌華,5.00,0.04,-0.01%,0053
帆宣,1.00,0.04,0.00%,0053
聯茂,3.00,0.04,-0.01%,0053
飛捷,3.00,0.03,-0.01%,0053
台郡,4.00,0.03,0.00%,0053
矽創,1.00,0.03,0.00%,0053
力智,1.00,0.03,0.00%,0053
瑞軒,12.00,0.03,0.00%,0053
志聖,1.00,0.03,-0.01%,0053
友通,4.00,0.03,0.00%,0053
菱生,9.00,0.03,0.00%,0053
禾伸堂,2.00,0.03,-0.01%,0053
全漢,5.00,0.03,-0.01%,0053
嘉晶,4.00,0.03,+0.01%,0053
宏達電,5.00,0.03,-0.01%,0053
瑞鼎,1.00,0.03,0.00%,0053
新唐,4.00,0.03,0.00%,0053
嘉彰,6.00,0.03,0.00%,0053
嘉聯益,10.00,0.02,0.00%,0053
天鈺,1.00,0.02,-0.01%,0053
立積,1.00,0.02,-0.01%,0053
傳奇,2.00,0.02,0.00%,0053
正文,6.00,0.02,-0.01%,0053
富采,5.00,0.02,-0.01%,0053
聯合再生,14.00,0.02,+0.01%,0053
健和興,3.00,0.02,0.00%,0053
華立,1.00,0.02,0.00%,0053
德律,1.00,0.02,-0.01%,0053
精金,17.00,0.02,+0.01%,0053
震旦行,3.00,0.02,0.00%,0053
凱美,2.00,0.02,-0.01%,0053
精元,4.00,0.02,0.00%,0053
台亞,6.00,0.02,0.00%,0053
順德,2.00,0.02,0.00%,0053
凌陽,7.00,0.02,0.00%,0053
輔信,10.00,0.02,-0.01%,0053
偉詮電,3.00,0.02,0.00%,0053
鼎元,8.00,0.02,0.00%,0053
敦吉,2.00,0.02,-0.01%,0053
大毅,2.00,0.02,0.00%,0053
敦陽科,1.00,0.02,0.00%,0053
惠特,1.00,0.02,0.00%,0053
嘉基,1.00,0.02,0.00%,0053
瑞祺電通,2.00,0.02,-0.01%,0053
GIS-KY,4.00,0.02,0.00%,0053
尼得科超眾,1.00,0.02,0.00%,0053
盛群,3.00,0.02,0.00%,0053
宏齊,8.00,0.02,0.00%,0053
志超,5.00,0.02,0.00%,0053
昇陽半導體,1.00,0.02,-0.01%,0053
振樺電,1.00,0.02,-0.01%,0053
福懋科,1.00,0.01,0.00%,0053
至上,1.00,0.01,0.00%,0053
台虹,1.00,0.01,0.00%,0053
關貿,1.00,0.01,0.00%,0053
豐藝,2.00,0.01,0.00%,0053
全國電,1.00,0.01,0.00%,0053
宏正,1.00,0.01,0.00%,0053
威鋒電子,1.00,0.01,0.00%,0053
鉅祥,1.00,0.01,0.00%,0053
美律,1.00,0.01,0.00%,0053
燿華,2.00,0.01,N/A,0053
華晶科,2.00,0.01,0.00%,0053
揚明光,1.00,0.01,0.00%,0053
敦泰,1.00,0.01,0.00%,0053
致伸,1.00,0.01,0.00%,0053
界霖,1.00,0.01,0.00%,0053
中磊,1.00,0.01,0.00%,0053
松翰,2.00,0.01,0.00%,0053
鎰勝,2.00,0.01,0.00%,0053
中信金,"6,765.00",13.32,+0.11%,0055
富邦金,"3,404.00",11.97,-0.75%,0055
國泰金,"3,861.00",11.26,-0.13%,0055
玉山金,"5,898.00",7.62,-0.12%,0055
台新新光金,"8,564.00",7.52,+0.73%,0055
兆豐金,"4,804.00",7.21,-0.27%,0055
元大金,"4,318.00",7.19,+0.59%,0055
永豐金,"4,990.00",5.52,-0.03%,0055
第一金,"4,659.00",5.19,-0.14%,0055
華南金,"3,663.00",4.69,+0.27%,0055
凱基金,"6,459.00",4.51,+0.17%,0055
合庫金,"4,446.00",4.05,-0.15%,0055
中租-KY,621.00,2.50,-0.06%,0055
上海商銀,"1,577.00",2.41,-0.08%,0055
彰銀,"2,864.00",2.26,-0.01%,0055
臺企銀,"2,954.00",1.76,-0.08%,0055
聯發科,"15,886.00",5.30,+1.04%,0056
聯電,"423,541.00",5.01,+0.95%,0056
中信金,"472,596.00",4.56,-0.05%,0056
廣達,"80,636.00",4.28,-0.04%,0056
日月光投控,"68,560.00",3.86,+0.52%,0056
華南金,"532,306.00",3.34,+0.13%,0056
華碩,"35,310.00",3.32,-0.44%,0056
長榮,"94,160.00",3.32,-0.18%,0056
緯創,"130,567.00",3.23,-0.67%,0056
元大金,"389,670.00",3.18,+0.14%,0056
京元電子,"56,317.00",3.16,+0.45%,0056
永豐金,"571,792.00",3.10,-0.07%,0056
光寶科,"99,393.00",3.09,-0.13%,0056
鴻海,"69,858.00",2.92,-0.28%,0056
台灣大,"143,007.00",2.86,-0.15%,0056
兆豐金,"380,688.00",2.80,-0.16%,0056
統一,"204,535.00",2.78,-0.30%,0056
玉山金,"382,218.00",2.42,-0.09%,0056
瑞昱,"25,531.00",2.34,-0.09%,0056
凱基金,"625,431.00",2.14,+0.05%,0056
聯詠,"29,119.00",2.07,-0.05%,0056
台新新光金,"446,188.00",1.92,+0.19%,0056
長榮航,"267,994.00",1.90,-0.02%,0056
健鼎,"25,073.00",1.78,+0.24%,0056
力成,"36,553.00",1.76,+0.53%,0056
文曄,"58,501.00",1.73,+0.17%,0056
上海商銀,"225,700.00",1.69,-0.12%,0056
和碩,"125,637.00",1.66,-0.03%,0056
技嘉,"33,734.00",1.49,-0.15%,0056
英業達,"169,980.00",1.45,+0.02%,0056
仁寶,"214,231.00",1.33,+0.06%,0056
亞泥,"160,584.00",1.07,-0.12%,0056
可成,"26,837.00",1.02,-0.06%,0056
聯強,"82,149.00",1.02,+0.10%,0056
正新,"165,498.00",0.96,0.00%,0056
大聯大,"77,119.00",0.94,+0.07%,0056
大成鋼,"112,753.00",0.84,+0.06%,0056
啟,"23,667.00",0.83,+0.37%,0056
群光,"35,168.00",0.78,-0.03%,0056
聚陽,"12,087.00",0.70,+0.02%,0056
微星,"40,354.00",0.69,-0.08%,0056
神基,"31,417.00",0.67,-0.05%,0056
寶成,"116,073.00",0.67,-0.01%,0056
宏,"138,712.00",0.66,-0.07%,0056
東陽,"28,424.00",0.59,+0.05%,0056
信邦,"11,522.00",0.51,+0.07%,0056
瑞儀,"21,620.00",0.50,-0.02%,0056
東和鋼鐵,"34,966.00",0.46,+0.02%,0056
長榮航太,"14,089.00",0.43,+0.06%,0056
裕融,"14,898.00",0.22,-0.05%,0056
台積電,109.00,59.05,+1.27%,0057
鴻海,56.00,3.74,-0.57%,0057
聯發科,7.00,3.62,+0.31%,0057
台達電,9.00,3.21,+0.34%,0057
日月光投控,15.00,1.33,+0.06%,0057
中信金,74.00,1.15,-0.10%,0057
富邦金,37.00,1.03,-0.16%,0057
廣達,12.00,1.02,-0.09%,0057
國泰金,42.00,0.97,-0.09%,0057
聯電,50.00,0.95,+0.14%,0057
智邦,2.00,0.76,-0.09%,0057
台光電,1.00,0.71,+0.01%,0057
欣興,6.00,0.69,+0.25%,0057
中華電,17.00,0.68,-0.06%,0057
玉山金,65.00,0.66,-0.07%,0057
台新新光金,94.00,0.65,+0.01%,0057
奇鋐,1.00,0.65,-0.06%,0057
元大金,47.00,0.62,-0.01%,0057
兆豐金,52.00,0.62,-0.09%,0057
國巨*,7.00,0.62,+0.03%,0057
緯穎,0.00,0.54,-0.20%,0057
南亞,23.00,0.53,+0.10%,0057
緯創,13.00,0.53,-0.16%,0057
致茂,2.00,0.51,+0.06%,0057
永豐金,55.00,0.48,-0.04%,0057
華碩,3.00,0.47,-0.11%,0057
統一,21.00,0.47,-0.08%,0057
第一金,51.00,0.45,-0.05%,0057
光寶科,9.00,0.44,-0.05%,0057
京元電子,5.00,0.44,0.00%,0057
華南金,40.00,0.40,-0.02%,0057
凱基金,71.00,0.39,-0.02%,0057
信驊,0.00,0.36,+0.03%,0057
合庫金,49.00,0.35,-0.04%,0057
健策,0.00,0.33,0.00%,0057
世芯-KY,0.00,0.33,-0.08%,0057
中鋼,52.00,0.33,0.00%,0057
瑞昱,2.00,0.32,-0.03%,0057
大立光,0.00,0.32,-0.06%,0057
創意,0.00,0.31,+0.03%,0057
貿聯-KY,1.00,0.31,-0.09%,0057
藥華藥,1.00,0.31,+0.09%,0057
金像電,1.00,0.30,0.00%,0057
聯詠,3.00,0.29,-0.02%,0057
長榮,5.00,0.27,-0.04%,0057
台灣大,8.00,0.25,-0.03%,0057
川湖,0.00,0.24,-0.05%,0057
台塑,17.00,0.24,+0.02%,0057
台泥,30.00,0.24,+0.01%,0057
和泰車,1.00,0.23,-0.02%,0057
康霈*,5.00,0.23,0.00%,0057
世界,5.00,0.22,+0.07%,0057
中租-KY,7.00,0.22,-0.02%,0057
亞德客-KY,1.00,0.22,+0.02%,0057
鈊象,1.00,0.22,-0.02%,0057
群創,33.00,0.22,+0.02%,0057
遠傳,8.00,0.21,-0.02%,0057
華城,1.00,0.21,+0.04%,0057
上海商銀,17.00,0.21,-0.02%,0057
元太,4.00,0.20,-0.06%,0057
台化,15.00,0.20,+0.04%,0057
仁寶,19.00,0.19,0.00%,0057
研華,2.00,0.19,-0.01%,0057
和碩,9.00,0.19,-0.01%,0057
臻鼎-KY,3.00,0.19,+0.04%,0057
彰銀,30.00,0.19,-0.02%,0057
環球晶,1.00,0.18,+0.02%,0057
技嘉,2.00,0.17,-0.04%,0057
英業達,12.00,0.16,-0.02%,0057
統一超,2.00,0.16,-0.03%,0057
力旺,0.00,0.16,0.00%,0057
嘉澤,0.00,0.16,0.00%,0057
臺企銀,32.00,0.15,-0.02%,0057
長榮航,12.00,0.14,-0.01%,0057
可成,2.00,0.14,-0.02%,0057
東元,5.00,0.13,-0.02%,0057
陽明,8.00,0.13,-0.01%,0057
遠東新,14.00,0.12,-0.01%,0057
亞泥,10.00,0.11,-0.02%,0057
儒鴻,1.00,0.10,-0.01%,0057
億豐,1.00,0.10,0.00%,0057
華航,13.00,0.09,0.00%,0057
萬海,3.00,0.07,-0.01%,0057
台灣高鐵,8.00,0.07,-0.01%,0057
正新,7.00,0.07,-0.01%,0057
豐泰,2.00,0.06,-0.02%,0057
台積電,448.00,59.29,+1.77%,006203
鴻海,226.00,3.71,-0.61%,006203
聯發科,28.00,3.70,+0.51%,006203
台達電,36.00,3.27,+0.51%,006203
日月光投控,61.00,1.35,+0.12%,006203
中信金,300.00,1.14,-0.11%,006203
富邦金,149.00,1.01,-0.18%,006203
廣達,48.00,1.01,-0.09%,006203
聯電,204.00,0.95,+0.12%,006203
國泰金,169.00,0.95,-0.11%,006203
智邦,9.00,0.78,-0.13%,006203
台光電,6.00,0.72,-0.02%,006203
欣興,24.00,0.69,+0.25%,006203
中華電,68.00,0.68,-0.06%,006203
奇鋐,6.00,0.66,-0.09%,006203
玉山金,261.00,0.65,-0.08%,006203
台新新光金,378.00,0.64,0.00%,006203
元大金,190.00,0.61,-0.01%,006203
兆豐金,211.00,0.61,-0.10%,006203
國巨*,28.00,0.58,+0.03%,006203
緯穎,2.00,0.55,-0.23%,006203
緯創,54.00,0.53,-0.15%,006203
南亞,92.00,0.52,+0.06%,006203
致茂,7.00,0.51,+0.13%,006203
永豐金,220.00,0.47,-0.05%,006203
統一,86.00,0.46,-0.09%,006203
華碩,12.00,0.45,-0.14%,006203
京元電子,20.00,0.44,+0.10%,006203
光寶科,36.00,0.44,-0.04%,006203
第一金,205.00,0.44,-0.06%,006203
華南金,162.00,0.40,-0.02%,006203
凱基金,290.00,0.39,-0.02%,006203
信驊,1.00,0.36,+0.03%,006203
合庫金,194.00,0.34,-0.06%,006203
大立光,2.00,0.34,-0.04%,006203
健策,2.00,0.33,-0.03%,006203
世芯-KY,1.00,0.33,-0.08%,006203
創意,2.00,0.33,+0.04%,006203
瑞昱,9.00,0.32,-0.04%,006203
中鋼,207.00,0.32,-0.01%,006203
金像電,6.00,0.31,+0.08%,006203
藥華藥,5.00,0.30,+0.10%,006203
貿聯-KY,3.00,0.29,-0.08%,006203
聯詠,10.00,0.27,-0.06%,006203
長榮,18.00,0.25,-0.05%,006203
川湖,1.00,0.25,-0.07%,006203
台灣大,30.00,0.24,-0.04%,006203
亞德客-KY,3.00,0.23,+0.02%,006203
台塑,65.00,0.23,+0.01%,006203
台泥,117.00,0.23,-0.01%,006203
華城,3.00,0.22,+0.03%,006203
群創,135.00,0.22,+0.03%,006203
康霈*,18.00,0.22,-0.01%,006203
元太,16.00,0.21,-0.05%,006203
世界,20.00,0.21,+0.06%,006203
上海商銀,71.00,0.21,-0.03%,006203
中租-KY,26.00,0.20,-0.03%,006203
遠傳,30.00,0.20,-0.03%,006203
和泰車,5.00,0.20,-0.07%,006203
台化,63.00,0.20,+0.03%,006203
研華,9.00,0.19,-0.01%,006203
鈊象,4.00,0.19,-0.08%,006203
和碩,35.00,0.18,-0.02%,006203
臻鼎-KY,12.00,0.18,+0.04%,006203
彰銀,118.00,0.18,-0.03%,006203
仁寶,74.00,0.18,-0.01%,006203
環球晶,5.00,0.18,+0.02%,006203
統一超,11.00,0.17,-0.02%,006203
嘉澤,2.00,0.17,+0.01%,006203
力旺,1.00,0.16,-0.01%,006203
英業達,48.00,0.16,-0.01%,006203
技嘉,9.00,0.16,-0.05%,006203
臺企銀,131.00,0.15,-0.02%,006203
可成,9.00,0.14,-0.02%,006203
長榮航,43.00,0.12,-0.03%,006203
遠東新,53.00,0.11,-0.02%,006203
儒鴻,4.00,0.11,0.00%,006203
億豐,3.00,0.11,+0.01%,006203
東元,16.00,0.10,-0.01%,006203
亞泥,38.00,0.10,-0.03%,006203
陽明,25.00,0.10,-0.05%,006203
正新,31.00,0.07,-0.01%,006203
台灣高鐵,34.00,0.07,-0.01%,006203
豐泰,10.00,0.07,-0.02%,006203
華航,36.00,0.06,-0.03%,006203
萬海,7.00,0.04,-0.04%,006203
台積電,57.00,41.58,+1.17%,006204
台達電,8.00,3.74,+0.45%,006204
南亞,110.00,3.40,+0.40%,006204
聯發科,5.00,3.33,+0.32%,006204
鴻海,36.00,3.25,-0.53%,006204
日月光投控,13.00,1.54,+0.10%,006204
富邦金,40.00,1.48,-0.26%,006204
國泰金,43.00,1.31,-0.15%,006204
廣達,11.00,1.28,-0.10%,006204
中華電,22.00,1.22,-0.11%,006204
南亞科,9.00,1.19,+0.40%,006204
中信金,57.00,1.18,-0.11%,006204
聯電,40.00,1.03,+0.12%,006204
智邦,2.00,0.74,-0.13%,006204
緯穎,1.00,0.74,-0.29%,006204
台光電,1.00,0.69,-0.03%,006204
元大金,39.00,0.68,-0.01%,006204
欣興,4.00,0.68,+0.24%,006204
兆豐金,42.00,0.66,-0.10%,006204
國巨*,6.00,0.66,+0.05%,006204
玉山金,47.00,0.64,-0.08%,006204
台新新光金,68.00,0.63,0.00%,006204
華邦電,11.00,0.60,+0.17%,006204
台塑化,28.00,0.60,0.00%,006204
華南金,40.00,0.54,-0.03%,006204
奇鋐,1.00,0.50,-0.07%,006204
永豐金,42.00,0.49,-0.05%,006204
第一金,42.00,0.49,-0.07%,006204
致茂,1.00,0.49,+0.06%,006204
統一,16.00,0.47,-0.10%,006204
長榮,6.00,0.47,-0.06%,006204
光寶科,7.00,0.46,-0.05%,006204
健策,0.00,0.46,-0.04%,006204
緯創,8.00,0.45,-0.12%,006204
台灣大,10.00,0.44,-0.06%,006204
合庫金,46.00,0.44,-0.06%,006204
華碩,2.00,0.44,-0.09%,006204
京元電子,4.00,0.43,+0.03%,006204
金像電,1.00,0.41,-0.03%,006204
創意,0.00,0.41,+0.04%,006204
大立光,0.00,0.38,-0.06%,006204
中鋼,44.00,0.37,-0.01%,006204
華城,1.00,0.36,+0.04%,006204
台塑,19.00,0.36,+0.03%,006204
和泰車,2.00,0.36,-0.04%,006204
凱基金,49.00,0.36,-0.03%,006204
遠傳,9.00,0.34,-0.04%,006204
力積電,12.00,0.33,+0.12%,006204
富世達,1.00,0.30,-0.08%,006204
南電,2.00,0.30,+0.10%,006204
研華,2.00,0.30,-0.02%,006204
瑞昱,1.00,0.29,-0.04%,006204
台化,17.00,0.29,+0.04%,006204
彰銀,34.00,0.28,-0.04%,006204
川湖,0.00,0.27,-0.08%,006204
聯詠,2.00,0.27,-0.03%,006204
統一超,3.00,0.26,-0.04%,006204
萬海,8.00,0.24,-0.05%,006204
長榮航,16.00,0.24,-0.02%,006204
華通,3.00,0.24,+0.09%,006204
力成,2.00,0.23,+0.06%,006204
上海商銀,14.00,0.23,-0.03%,006204
和碩,8.00,0.22,-0.02%,006204
台泥,20.00,0.22,0.00%,006204
陽明,10.00,0.22,-0.04%,006204
東元,6.00,0.21,-0.03%,006204
群創,24.00,0.21,+0.03%,006204
華新,11.00,0.20,+0.04%,006204
旺宏,5.00,0.20,+0.10%,006204
漢唐,1.00,0.20,-0.04%,006204
英業達,10.00,0.19,-0.01%,006204
嘉澤,0.00,0.19,0.00%,006204
遠東新,16.00,0.18,-0.02%,006204
臺企銀,29.00,0.18,-0.02%,006204
技嘉,2.00,0.17,-0.04%,006204
仁寶,13.00,0.17,-0.01%,006204
健鼎,1.00,0.17,+0.01%,006204
文曄,3.00,0.16,0.00%,006204
台玻,8.00,0.16,+0.03%,006204
華航,18.00,0.16,0.00%,006204
可成,2.00,0.16,-0.03%,006204
億豐,1.00,0.15,+0.01%,006204
景碩,1.00,0.14,+0.04%,006204
創見,1.00,0.14,+0.03%,006204
台中銀,17.00,0.14,-0.02%,006204
士電,1.00,0.14,+0.02%,006204
亞泥,10.00,0.14,-0.02%,006204
儒鴻,1.00,0.13,-0.01%,006204
聯強,5.00,0.13,0.00%,006204
友達,23.00,0.13,+0.01%,006204
新日興,2.00,0.13,-0.01%,006204
大聯大,5.00,0.13,0.00%,006204
勤誠,0.00,0.13,-0.03%,006204
神達,4.00,0.12,-0.03%,006204
正新,10.00,0.12,-0.01%,006204
大成鋼,7.00,0.11,0.00%,006204
群光,2.00,0.11,-0.01%,006204
祥碩,0.00,0.11,0.00%,006204
采鈺,1.00,0.11,-0.01%,006204
寶成,9.00,0.11,-0.01%,006204
豐泰,3.00,0.11,-0.04%,006204
潤泰新,9.00,0.10,-0.01%,006204
興富發,7.00,0.10,-0.02%,006204
聯邦銀,13.00,0.10,-0.01%,006204
上銀,1.00,0.10,+0.01%,006204
美時,1.00,0.10,+0.01%,006204
中興電,1.00,0.10,0.00%,006204
聯華,5.00,0.10,-0.01%,006204
鴻準,4.00,0.10,-0.01%,006204
微星,2.00,0.09,-0.02%,006204
大同,6.00,0.09,+0.01%,006204
宏,9.00,0.09,-0.02%,006204
聚陽,1.00,0.09,0.00%,006204
長興,4.00,0.09,+0.03%,006204
啟,1.00,0.09,+0.04%,006204
旭隼,0.00,0.09,-0.02%,006204
至上,2.00,0.08,0.00%,006204
群益證,7.00,0.08,+0.01%,006204
高力,0.00,0.08,+0.01%,006204
東陽,2.00,0.08,0.00%,006204
中華,4.00,0.08,-0.01%,006204
台灣高鐵,7.00,0.08,-0.02%,006204
神基,2.00,0.08,-0.01%,006204
華新科,1.00,0.08,+0.01%,006204
櫻花建,4.00,0.07,-0.01%,006204
信邦,1.00,0.07,+0.01%,006204
潤泰全,3.00,0.07,-0.01%,006204
國票金,10.00,0.07,-0.01%,006204
矽格,1.00,0.07,0.00%,006204
帆宣,1.00,0.07,0.00%,006204
崇越,1.00,0.07,0.00%,006204
瑞儀,1.00,0.07,-0.01%,006204
精成科,1.00,0.06,-0.01%,006204
瀚宇博,1.00,0.06,0.00%,006204
遠雄,2.00,0.06,-0.02%,006204
矽力*-KY,1.00,0.06,+0.02%,006204
台勝科,1.00,0.06,+0.01%,006204
玉晶光,0.00,0.06,-0.01%,006204
富邦媒,1.00,0.06,-0.01%,006204
中保科,1.00,0.06,0.00%,006204
漢翔,3.00,0.06,0.00%,006204
遠東銀,12.00,0.06,-0.01%,006204
統一證,5.00,0.06,+0.01%,006204
超豐,2.00,0.06,-0.01%,006204
裕民,2.00,0.06,-0.01%,006204
三陽工業,2.00,0.06,0.00%,006204
東和鋼鐵,2.00,0.06,0.00%,006204
勝一,1.00,0.05,0.00%,006204
台肥,3.00,0.05,-0.01%,006204
大成,2.00,0.05,-0.01%,006204
永豐餘,5.00,0.05,-0.01%,006204
長榮鋼,1.00,0.05,0.00%,006204
佳世達,5.00,0.05,0.00%,006204
愛山林,3.00,0.05,0.00%,006204
國產,3.00,0.05,-0.01%,006204
裕融,2.00,0.05,-0.01%,006204
智易,1.00,0.05,0.00%,006204
貿聯-KY,0.00,0.05,-0.02%,006204
智原,1.00,0.05,-0.01%,006204
愛普*,0.00,0.05,-0.01%,006204
南茂,2.00,0.05,0.00%,006204
聯茂,1.00,0.05,0.00%,006204
精誠,1.00,0.04,0.00%,006204
群電,1.00,0.04,-0.01%,006204
康舒,2.00,0.04,0.00%,006204
和潤企業,2.00,0.04,-0.01%,006204
復盛應用,0.00,0.04,0.00%,006204
致伸,1.00,0.04,-0.01%,006204
宏全,1.00,0.04,-0.01%,006204
世紀鋼,1.00,0.04,0.00%,006204
巨大,1.00,0.04,-0.01%,006204
台汽電,2.00,0.04,0.00%,006204
宏達電,2.00,0.04,-0.01%,006204
義隆,1.00,0.04,-0.01%,006204
榮運,2.00,0.04,0.00%,006204
建準,1.00,0.04,-0.01%,006204
全新,1.00,0.04,0.00%,006204
遠百,4.00,0.04,0.00%,006204
裕隆,3.00,0.04,-0.01%,006204
中石化,12.00,0.04,0.00%,006204
大亞,2.00,0.04,0.00%,006204
豐興,2.00,0.04,-0.01%,006204
燁輝,6.00,0.04,0.00%,006204
中鴻,4.00,0.03,0.00%,006204
潤隆,2.00,0.03,-0.01%,006204
佳格,3.00,0.03,-0.01%,006204
福懋,4.00,0.03,-0.01%,006204
南港,2.00,0.03,-0.01%,006204
華泰,1.00,0.03,0.00%,006204
矽統,1.00,0.03,0.00%,006204
王道銀行,8.00,0.03,0.00%,006204
晶華,0.00,0.03,0.00%,006204
威盛,1.00,0.03,0.00%,006204
統一實,4.00,0.03,-0.01%,006204
中鼎,2.00,0.03,-0.01%,006204
美利達,1.00,0.03,0.00%,006204
新唐,1.00,0.03,0.00%,006204
富采,2.00,0.03,0.00%,006204
彩晶,9.00,0.03,0.00%,006204
中磊,1.00,0.03,0.00%,006204
晶技,1.00,0.03,0.00%,006204
華擎,0.00,0.03,-0.01%,006204
洋基工程,0.00,0.03,0.00%,006204
藥華藥,0.00,0.03,+0.01%,006204
晶碩,0.00,0.03,0.00%,006204
矽創,0.00,0.03,0.00%,006204
同欣電,1.00,0.03,-0.01%,006204
台表科,1.00,0.03,-0.01%,006204
樺漢,0.00,0.03,-0.01%,006204
台郡,1.00,0.02,-0.01%,006204
達發,0.00,0.02,0.00%,006204
亞翔,0.00,0.02,0.00%,006204
東哥遊艇,0.00,0.02,0.00%,006204
華固,0.00,0.02,-0.01%,006204
安泰銀,4.00,0.02,-0.01%,006204
建大,2.00,0.02,0.00%,006204
裕日車,1.00,0.02,0.00%,006204
正隆,3.00,0.02,-0.01%,006204
華紙,4.00,0.02,0.00%,006204
中碳,1.00,0.02,0.00%,006204
慧洋-KY,0.00,0.01,-0.01%,006204
德律,0.00,0.01,0.00%,006204
潤弘,0.00,0.01,0.00%,006204
國建,1.00,0.01,0.00%,006204
冠德,1.00,0.01,-0.01%,006204
京城,1.00,0.01,0.00%,006204
華建,1.00,0.01,0.00%,006204
億光,0.00,0.01,0.00%,006204
飛宏,1.00,0.01,0.00%,006204
臻鼎-KY,0.00,0.01,0.00%,006204
南寶,0.00,0.01,0.00%,006204
欣陸,1.00,0.01,0.00%,006204
帝寶,0.00,0.01,0.00%,006204
長華*,1.00,0.01,0.00%,006204
台積電,"112,580.00",63.89,+1.98%,006208
鴻海,"56,171.00",3.96,-0.63%,006208
聯發科,"6,771.00",3.81,+0.38%,006208
台達電,"8,896.00",3.47,+0.43%,006208
日月光投控,"15,059.00",1.43,+0.09%,006208
中信金,"81,112.00",1.32,-0.13%,006208
富邦金,"38,537.00",1.12,-0.19%,006208
廣達,"12,176.00",1.09,-0.08%,006208
聯電,"53,632.00",1.07,+0.13%,006208
國泰金,"43,141.00",1.04,-0.12%,006208
智邦,"2,272.00",0.81,-0.15%,006208
玉山金,"70,233.00",0.75,-0.10%,006208
中華電,"17,571.00",0.75,-0.06%,006208
台新新光金,"100,583.00",0.73,+0.01%,006208
台光電,"1,291.00",0.72,-0.04%,006208
奇鋐,"1,500.00",0.70,-0.10%,006208
元大金,"50,131.00",0.69,-0.01%,006208
兆豐金,"54,010.00",0.67,-0.10%,006208
國巨*,"7,101.00",0.63,+0.04%,006208
緯創,"13,901.00",0.58,-0.16%,006208
南亞,"22,665.00",0.55,+0.07%,006208
緯穎,481.00,0.55,-0.21%,006208
南亞科,"5,173.00",0.54,+0.19%,006208
致茂,"1,692.00",0.53,+0.06%,006208
統一,"22,684.00",0.52,-0.10%,006208
永豐金,"54,680.00",0.50,-0.06%,006208
華碩,"3,153.00",0.50,-0.11%,006208
光寶科,"8,964.00",0.47,-0.05%,006208
第一金,"49,957.00",0.46,-0.06%,006208
華南金,"42,522.00",0.45,-0.02%,006208
凱基金,"72,778.00",0.42,-0.02%,006208
世芯-KY,370.00,0.37,-0.09%,006208
合庫金,"47,812.00",0.36,-0.06%,006208
中鋼,"52,757.00",0.35,0.00%,006208
瑞昱,"2,264.00",0.35,-0.04%,006208
健策,385.00,0.35,-0.02%,006208
大立光,441.00,0.34,-0.05%,006208
貿聯-KY,818.00,0.34,-0.10%,006208
聯詠,"2,669.00",0.32,-0.03%,006208
長榮,"5,045.00",0.30,-0.04%,006208
台塑,"19,176.00",0.29,+0.02%,006208
川湖,259.00,0.26,-0.09%,006208
康霈*,"4,536.00",0.24,-0.01%,006208
遠傳,"8,101.00",0.23,-0.03%,006208
和泰車,"1,265.00",0.22,-0.03%,006208
台灣大,"6,522.00",0.22,-0.03%,006208
研華,"2,089.00",0.20,-0.02%,006208
統一超,"2,490.00",0.17,-0.02%,006208
萬海,"6,383.00",0.15,-0.03%,006208
台塑化,"5,271.00",0.09,0.00%,006208
台積電,770.00,35.54,+0.98%,00690
聯發科,238.00,10.89,+1.04%,00690
台達電,332.00,10.55,+1.28%,00690
富邦金,"1,594.00",3.77,-0.67%,00690
聯電,"2,230.00",3.62,+0.44%,00690
智邦,105.00,3.05,-0.56%,00690
中華電,798.00,2.77,-0.24%,00690
台光電,60.00,2.73,-0.13%,00690
國巨*,364.00,2.63,+0.19%,00690
奇鋐,63.00,2.39,-0.36%,00690
長榮,376.00,1.82,-0.25%,00690
光寶科,408.00,1.74,-0.19%,00690
京元電子,213.00,1.64,+0.12%,00690
健策,20.00,1.47,-0.12%,00690
大立光,21.00,1.30,-0.19%,00690
世芯-KY,15.00,1.18,-0.29%,00690
瑞昱,93.00,1.17,-0.15%,00690
創意,17.00,1.13,+0.10%,00690
聯詠,112.00,1.09,-0.12%,00690
川湖,13.00,1.09,-0.35%,00690
遠傳,468.00,1.08,-0.12%,00690
中租-KY,296.00,0.80,-0.10%,00690
亞德客-KY,26.00,0.77,+0.07%,00690
研華,94.00,0.73,-0.06%,00690
上海商銀,710.00,0.73,-0.11%,00690
可成,119.00,0.62,-0.10%,00690
嘉澤,16.00,0.59,-0.01%,00690
儒鴻,46.00,0.48,-0.04%,00690
亞泥,492.00,0.45,-0.08%,00690
祥碩,9.00,0.31,-0.02%,00690
台積電,"14,069.00",59.52,+2.07%,00692
台達電,"1,410.00",4.10,+0.53%,00692
鴻海,"7,535.00",3.96,-0.62%,00692
聯發科,868.00,3.64,+0.37%,00692
日月光投控,"2,387.00",1.69,+0.11%,00692
富邦金,"7,569.00",1.64,-0.27%,00692
國泰金,"7,901.00",1.42,-0.16%,00692
廣達,"2,083.00",1.39,-0.10%,00692
中華電,"4,180.00",1.33,-0.11%,00692
中信金,"10,633.00",1.29,-0.11%,00692
聯電,"6,791.00",1.01,+0.13%,00692
緯穎,100.00,0.85,-0.33%,00692
台光電,192.00,0.80,-0.04%,00692
欣興,854.00,0.77,+0.28%,00692
元大金,"7,212.00",0.74,0.00%,00692
兆豐金,"8,002.00",0.74,-0.10%,00692
台新新光金,"13,492.00",0.73,+0.01%,00692
玉山金,"8,667.00",0.69,-0.09%,00692
華南金,"7,478.00",0.59,-0.02%,00692
第一金,"7,721.00",0.53,-0.07%,00692
永豐金,"7,775.00",0.53,-0.06%,00692
緯創,"1,704.00",0.53,-0.15%,00692
台灣大,"1,988.00",0.50,-0.07%,00692
光寶科,"1,254.00",0.49,-0.05%,00692
華碩,398.00,0.47,-0.11%,00692
合庫金,"8,373.00",0.47,-0.07%,00692
遠傳,"1,890.00",0.40,-0.04%,00692
凱基金,"9,065.00",0.39,-0.03%,00692
和泰車,301.00,0.39,-0.04%,00692
研華,462.00,0.33,-0.02%,00692
貿聯-KY,107.00,0.33,-0.09%,00692
瑞昱,278.00,0.32,-0.04%,00692
彰銀,"6,376.00",0.31,-0.03%,00692
聯詠,324.00,0.29,-0.03%,00692
亞德客-KY,107.00,0.29,+0.03%,00692
統一超,570.00,0.29,-0.04%,00692
台泥,"4,132.00",0.26,+0.01%,00692
長榮航,"2,917.00",0.26,-0.02%,00692
臻鼎-KY,558.00,0.26,+0.05%,00692
文曄,672.00,0.25,0.00%,00692
上海商銀,"2,655.00",0.25,-0.03%,00692
陽明,"1,886.00",0.24,-0.04%,00692
中租-KY,928.00,0.23,-0.03%,00692
英業達,"1,958.00",0.21,-0.01%,00692
遠東新,"2,867.00",0.19,-0.02%,00692
臺企銀,"5,176.00",0.19,-0.03%,00692
亞泥,"1,910.00",0.16,-0.03%,00692
勤誠,70.00,0.15,-0.02%,00692
儒鴻,148.00,0.14,-0.01%,00692
聯強,897.00,0.14,0.00%,00692
大聯大,913.00,0.14,0.00%,00692
神達,691.00,0.13,-0.03%,00692
采鈺,177.00,0.12,-0.01%,00692
寶成,"1,653.00",0.12,-0.01%,00692
豐泰,523.00,0.12,-0.04%,00692
大同,"1,186.00",0.11,+0.01%,00692
群光,394.00,0.11,-0.02%,00692
保瑞,70.00,0.10,+0.01%,00692
聯邦銀,"2,244.00",0.10,-0.02%,00692
聚陽,137.00,0.10,0.00%,00692
宏亞,"1,601.00",0.10,-0.01%,00692
旭隼,49.00,0.10,-0.02%,00692
台灣高鐵,"1,381.00",0.09,-0.01%,00692
神基,336.00,0.09,-0.01%,00692
群益證,"1,130.00",0.08,+0.01%,00692
崇越,104.00,0.08,0.00%,00692
遠東銀,"2,685.00",0.08,-0.01%,00692
國票金,"2,010.00",0.08,-0.01%,00692
信邦,126.00,0.07,0.00%,00692
瑞儀,241.00,0.07,-0.01%,00692
東和鋼鐵,423.00,0.07,0.00%,00692
裕民,472.00,0.07,0.00%,00692
統一證,856.00,0.06,+0.01%,00692
富邦媒,134.00,0.06,-0.02%,00692
長榮鋼,244.00,0.06,0.00%,00692
裕融,323.00,0.06,-0.01%,00692
和潤企業,347.00,0.05,0.00%,00692
國產,595.00,0.05,-0.01%,00692
樺漢,74.00,0.05,-0.01%,00692
志聖,88.00,0.05,-0.01%,00692
南寶,68.00,0.05,0.00%,00692
大亞,404.00,0.04,0.00%,00692
晶技,194.00,0.04,0.00%,00692
台汽電,389.00,0.04,0.00%,00692
福懋科,212.00,0.04,0.00%,00692
中華,302.00,0.04,-0.01%,00692
精誠,145.00,0.04,-0.01%,00692
裕隆,540.00,0.04,-0.01%,00692
中鼎,541.00,0.04,0.00%,00692
中工,919.00,0.03,0.00%,00692
藍天,338.00,0.03,0.00%,00692
美律,126.00,0.03,-0.01%,00692
瑞鼎,36.00,0.02,0.00%,00692
中聯資源,120.00,0.02,0.00%,00692
葡萄王,69.00,0.02,-0.01%,00692
天鈺,57.00,0.02,0.00%,00692
森崴能源,176.00,0.02,+0.01%,00692
台橡,550.00,0.02,0.00%,00692
建國,129.00,0.01,0.00%,00692
富邦金,"6,290.00",9.70,-0.72%,00701
中信金,"11,024.00",9.52,-0.03%,00701
聯電,"7,301.00",7.73,+1.55%,00701
國泰金,"6,035.00",7.72,-0.17%,00701
中華電,"3,143.00",7.12,+0.04%,00701
元大金,"7,900.00",5.77,+0.42%,00701
玉山金,"9,882.00",5.60,-0.15%,00701
兆豐金,"7,307.00",4.81,-0.23%,00701
永豐金,"8,759.00",4.25,-0.07%,00701
華南金,"6,499.00",3.65,+0.17%,00701
統一,"2,976.00",3.62,-0.34%,00701
第一金,"7,265.00",3.55,-0.13%,00701
凱基金,"10,384.00",3.18,+0.09%,00701
合庫金,"7,033.00",2.81,-0.14%,00701
台灣大,"1,391.00",2.49,-0.12%,00701
聯詠,365.00,2.32,-0.03%,00701
遠傳,"1,527.00",2.30,-0.03%,00701
彰銀,"5,490.00",1.90,-0.04%,00701
長榮航,"2,868.00",1.82,+0.02%,00701
中租-KY,958.00,1.69,-0.06%,00701
臺企銀,"4,554.00",1.19,-0.06%,00701
可成,341.00,1.16,-0.07%,00701
遠東新,"2,396.00",1.13,-0.02%,00701
亞泥,"1,593.00",0.95,-0.07%,00701
台中銀,"2,770.00",0.94,-0.05%,00701
華航,"2,310.00",0.87,+0.06%,00701
遠東銀,"2,782.00",0.59,-0.03%,00701
可寧衛*,593.00,0.37,+0.05%,00701
宏全,172.00,0.35,-0.01%,00701
威健,268.00,0.14,0.00%,00701
遠傳,"135,362.00",9.70,-0.06%,00713
台灣大,"106,417.00",9.06,-0.37%,00713
統一,"146,559.00",8.48,-0.59%,00713
玉山金,"265,275.00",7.15,-0.02%,00713
華南金,"233,986.00",6.25,+1.01%,00713
統一超,"31,401.00",5.41,-0.68%,00713
台新新光金,"176,871.00",3.24,+0.31%,00713
聯電,"42,895.00",2.16,+0.53%,00713
聯強,"38,784.00",2.05,+0.36%,00713
亞泥,"68,746.00",1.95,-0.17%,00713
超豐,"25,782.00",1.86,+0.29%,00713
卜蜂,"12,934.00",1.55,+0.53%,00713
文曄,"10,565.00",1.33,+0.28%,00713
中信金,"32,136.00",1.32,-0.02%,00713
崇越,"5,026.00",1.31,+0.15%,00713
寶成,"50,463.00",1.24,+0.01%,00713
瑞昱,"3,152.00",1.23,-0.21%,00713
永豐金,"52,427.00",1.21,0.00%,00713
致伸,"19,052.00",1.21,+0.08%,00713
凱基金,"81,697.00",1.19,+0.04%,00713
南寶,"4,749.00",1.19,+0.04%,00713
元大金,"33,678.00",1.17,+0.09%,00713
華航,"64,192.00",1.15,+0.05%,00713
裕民,"22,712.00",1.14,+0.01%,00713
長榮航,"37,772.00",1.14,+0.02%,00713
群益證,"44,227.00",1.06,+0.38%,00713
可成,"6,428.00",1.04,-0.04%,00713
華立,"10,053.00",1.01,+0.18%,00713
東和鋼鐵,"17,856.00",1.00,+0.07%,00713
樺漢,"4,320.00",0.99,+0.08%,00713
宏全,"10,120.00",0.98,-0.01%,00713
玉晶光,"2,620.00",0.96,-0.09%,00713
和泰車,"2,118.00",0.93,-0.01%,00713
三陽工業,"19,064.00",0.92,-0.05%,00713
大成,"21,911.00",0.90,-0.01%,00713
台表科,"11,290.00",0.84,-0.09%,00713
中保科,"9,774.00",0.84,-0.03%,00713
義隆,"8,791.00",0.83,-0.10%,00713
國泰金,"12,819.00",0.78,-0.46%,00713
和碩,"13,334.00",0.75,-0.25%,00713
新產,"7,711.00",0.70,-0.04%,00713
統一實,"38,768.00",0.56,0.00%,00713
富邦金,"7,362.00",0.54,-0.55%,00713
豐興,"10,359.00",0.54,+0.03%,00713
遠百,"28,100.00",0.50,-0.02%,00713
聯詠,"1,553.00",0.47,-0.54%,00713
華碩,899.00,0.36,-0.60%,00713
群光,"3,177.00",0.30,-0.23%,00713
遠雄,"2,995.00",0.16,-0.03%,00713
裕融,"2,386.00",0.15,-0.11%,00713
聯詠,476.00,10.01,+1.05%,00730
亞翔,296.00,9.55,+0.88%,00730
漢唐,178.00,9.06,-2.32%,00730
群光,"1,170.00",7.68,+0.42%,00730
聖暉*,200.00,7.07,-1.22%,00730
聚陽,411.00,7.05,+0.76%,00730
瑞儀,842.00,5.76,+0.23%,00730
洋基工程,152.00,5.05,+0.55%,00730
順達,262.00,4.97,+0.33%,00730
頎邦,"1,161.00",3.57,+0.25%,00730
復盛應用,220.00,3.31,+0.33%,00730
新產,418.00,2.64,+0.03%,00730
億光,763.00,2.38,+0.15%,00730
矽創,207.00,2.27,+0.30%,00730
南寶,107.00,1.86,+0.07%,00730
聯陽,267.00,1.80,+0.17%,00730
榮剛,894.00,1.71,+0.19%,00730
致新,123.00,1.68,+0.31%,00730
櫻花,321.00,1.50,+0.08%,00730
天鈺,181.00,1.49,+0.12%,00730
僑威,367.00,1.29,-0.07%,00730
凡甲,92.00,1.29,+0.10%,00730
碩天,124.00,1.27,-0.12%,00730
晶華,111.00,1.17,+0.06%,00730
拓凱,127.00,1.13,+0.05%,00730
威強電,237.00,0.85,+0.04%,00730
名軒,467.00,0.78,+0.05%,00730
永信建,177.00,0.59,-0.03%,00730
海悅,116.00,0.50,0.00%,00730
台積電,299.00,30.32,+0.74%,00728
聯電,"3,800.00",13.53,+1.60%,00728
致茂,126.00,7.04,+0.77%,00728
健策,34.00,5.50,-0.44%,00728
大立光,35.00,4.84,-0.76%,00728
聯詠,191.00,4.09,-0.46%,00728
川湖,23.00,4.05,-1.36%,00728
亞德客-KY,44.00,2.88,+0.25%,00728
研華,160.00,2.74,-0.22%,00728
嘉澤,27.00,2.21,-0.03%,00728
可成,179.00,2.05,-0.33%,00728
穎崴,9.00,2.04,+0.38%,00728
儒鴻,80.00,1.81,-0.16%,00728
創見,113.00,1.72,+0.32%,00728
上銀,101.00,1.44,+0.19%,00728
聚陽,73.00,1.27,-0.06%,00728
祥碩,16.00,1.16,-0.06%,00728
愛普*,44.00,1.08,-0.19%,00728
聯華,397.00,1.04,-0.17%,00728
中砂,38.00,0.88,-0.07%,00728
東陽,139.00,0.87,+0.01%,00728
智原,73.00,0.70,-0.10%,00728
新日興,57.00,0.68,-0.05%,00728
AES-KY,10.00,0.64,-0.21%,00728
台肥,242.00,0.64,-0.10%,00728
義隆,87.00,0.58,-0.08%,00728
國產,288.00,0.58,-0.12%,00728
長榮鋼,90.00,0.53,-0.02%,00728
材料*-KY,185.00,0.52,-0.09%,00728
台灣精銳,6.00,0.26,+0.02%,00728
聯電,"3,898.00",10.24,+2.06%,00731
中信金,"4,732.00",10.14,+0.02%,00731
玉山金,"5,134.00",7.22,-0.16%,00731
中華電,"1,276.00",7.17,+0.07%,00731
台新新光金,"7,282.00",6.96,+0.63%,00731
兆豐金,"3,948.00",6.45,-0.28%,00731
統一,"1,646.00",4.97,-0.44%,00731
永豐金,"3,986.00",4.80,-0.06%,00731
華南金,"3,114.00",4.34,+0.23%,00731
聯詠,192.00,3.03,-0.03%,00731
遠傳,594.00,2.22,-0.01%,00731
中租-KY,498.00,2.18,-0.06%,00731
和泰車,93.00,2.13,-0.05%,00731
上海商銀,"1,275.00",2.12,-0.08%,00731
台灣大,473.00,2.10,-0.08%,00731
台化,"1,122.00",2.00,+0.47%,00731
和碩,644.00,1.89,+0.01%,00731
東元,462.00,1.59,+0.10%,00731
統一超,177.00,1.59,-0.09%,00731
可成,178.00,1.50,-0.08%,00731
長榮航,908.00,1.43,+0.02%,00731
遠東新,"1,008.00",1.18,-0.02%,00731
友達,"2,004.00",1.16,+0.12%,00731
亞泥,777.00,1.15,-0.08%,00731
聯強,410.00,1.13,+0.12%,00731
台塑化,400.00,0.90,+0.09%,00731
正新,629.00,0.81,+0.02%,00731
台灣高鐵,677.00,0.78,-0.03%,00731
瑞儀,152.00,0.78,-0.02%,00731
潤泰新,520.00,0.63,-0.03%,00731
東和鋼鐵,157.00,0.46,+0.03%,00731
潤泰全,212.00,0.45,-0.04%,00731
遠東銀,817.00,0.43,-0.02%,00731
台肥,205.00,0.40,-0.02%,00731
三陽工業,159.00,0.40,-0.02%,00731
中保科,78.00,0.35,-0.02%,00731
富邦媒,26.00,0.21,-0.03%,00731
華通,"4,156.00",11.85,N/A,00733
群創,"32,025.00",11.78,N/A,00733
漢唐,680.00,10.42,N/A,00733
光聖,272.00,8.19,N/A,00733
創見,"1,381.00",6.21,N/A,00733
矽格,"1,805.00",3.96,N/A,00733
洋基工程,355.00,3.55,N/A,00733
晶豪科,997.00,3.28,N/A,00733
中砂,465.00,3.19,N/A,00733
康舒,"2,749.00",2.31,N/A,00733
燿華,"2,574.00",2.25,N/A,00733
可寧衛*,"3,511.00",2.18,N/A,00733
德律,701.00,2.13,N/A,00733
帆宣,428.00,2.05,N/A,00733
尖點,523.00,1.81,+0.61%,00733
昇陽半導體,594.00,1.70,+0.40%,00733
志聖,421.00,1.69,N/A,00733
華東,"1,226.00",1.64,N/A,00733
華泰,"1,642.00",1.61,N/A,00733
達麗,"1,803.00",1.43,N/A,00733
十銓,324.00,1.38,+0.61%,00733
日電貿,692.00,1.08,+0.24%,00733
大量,279.00,1.02,N/A,00733
國精化,334.00,0.87,+0.14%,00733
毅嘉,947.00,0.85,N/A,00733
福懋科,638.00,0.85,N/A,00733
宇瞻,389.00,0.81,+0.26%,00733
揚博,419.00,0.77,N/A,00733
宇隆,151.00,0.74,N/A,00733
今國光,588.00,0.65,N/A,00733
冠西電,582.00,0.59,N/A,00733
第一銅,686.00,0.58,N/A,00733
普安,931.00,0.55,N/A,00733
天虹,129.00,0.45,+0.06%,00733
事欣科,398.00,0.43,N/A,00733
大眾控,384.00,0.36,N/A,00733
華懋,104.00,0.34,N/A,00733
怡利電,353.00,0.30,N/A,00733
中華化,396.00,0.29,N/A,00733
聯德控股-KY,193.00,0.29,N/A,00733
恩德,532.00,0.25,N/A,00733
映泰,637.00,0.25,N/A,00733
虹冠電,215.00,0.24,N/A,00733
星通,197.00,0.23,N/A,00733
雙鍵,111.00,0.22,N/A,00733
詮欣,255.00,0.22,N/A,00733
晶相光,170.00,0.19,N/A,00733
環科,269.00,0.18,N/A,00733
昶昕,154.00,0.15,N/A,00733
慧友,188.00,0.13,N/A,00733
台積電,"4,796.00",31.81,+1.71%,00850
鴻海,"7,524.00",6.20,-0.83%,00850
聯發科,917.00,6.03,+0.72%,00850
台達電,"1,191.00",5.43,+0.78%,00850
日月光投控,"2,027.00",2.25,+0.19%,00850
中信金,"9,989.00",1.90,-0.22%,00850
廣達,"1,692.00",1.77,-0.08%,00850
聯電,"7,204.00",1.68,+0.24%,00850
富邦金,"4,651.00",1.58,-0.33%,00850
國泰金,"5,288.00",1.49,-0.12%,00850
智邦,302.00,1.26,-0.21%,00850
中華電,"2,465.00",1.23,-0.07%,00850
玉山金,"8,973.00",1.12,-0.12%,00850
欣興,756.00,1.07,+0.39%,00850
奇鋐,194.00,1.06,-0.17%,00850
元大金,"6,589.00",1.06,+0.02%,00850
兆豐金,"7,311.00",1.06,-0.12%,00850
台光電,159.00,1.04,-0.07%,00850
台新新光金,"11,081.00",0.94,-0.05%,00850
國巨*,887.00,0.92,+0.08%,00850
統一,"3,396.00",0.91,-0.14%,00850
緯創,"1,866.00",0.91,-0.23%,00850
緯穎,64.00,0.86,-0.29%,00850
致茂,224.00,0.82,+0.10%,00850
京元電子,705.00,0.78,+0.07%,00850
光寶科,"1,207.00",0.74,-0.05%,00850
第一金,"6,690.00",0.72,-0.08%,00850
華南金,"5,740.00",0.71,-0.01%,00850
華碩,383.00,0.71,-0.18%,00850
永豐金,"6,549.00",0.70,-0.10%,00850
藥華藥,202.00,0.58,+0.20%,00850
世芯-KY,49.00,0.57,-0.12%,00850
合庫金,"6,477.00",0.57,-0.07%,00850
健策,52.00,0.55,-0.02%,00850
貿聯-KY,111.00,0.54,-0.14%,00850
大立光,60.00,0.54,-0.06%,00850
瑞昱,293.00,0.53,-0.07%,00850
亞德客-KY,115.00,0.49,+0.06%,00850
聯詠,350.00,0.49,-0.05%,00850
凱基金,"7,116.00",0.48,-0.06%,00850
金像電,183.00,0.48,-0.03%,00850
研華,420.00,0.47,-0.02%,00850
長榮,662.00,0.46,-0.06%,00850
台灣大,"1,116.00",0.44,-0.05%,00850
和泰車,216.00,0.44,-0.04%,00850
創意,45.00,0.44,0.00%,00850
仁寶,"3,432.00",0.42,0.00%,00850
川湖,35.00,0.41,-0.12%,00850
力成,421.00,0.40,+0.10%,00850
群創,"4,542.00",0.37,+0.06%,00850
遠傳,"1,085.00",0.36,-0.03%,00850
上海商銀,"2,371.00",0.35,-0.04%,00850
統一超,439.00,0.35,-0.04%,00850
彰銀,"4,591.00",0.35,-0.03%,00850
臻鼎-KY,438.00,0.32,+0.06%,00850
和碩,"1,190.00",0.31,-0.02%,00850
技嘉,333.00,0.29,-0.05%,00850
嘉澤,52.00,0.28,+0.01%,00850
中租-KY,695.00,0.27,-0.06%,00850
英業達,"1,606.00",0.27,-0.01%,00850
儒鴻,182.00,0.27,-0.01%,00850
台灣高鐵,"2,642.00",0.27,-0.02%,00850
臺企銀,"4,344.00",0.25,-0.03%,00850
遠東新,"2,310.00",0.24,-0.02%,00850
萬海,837.00,0.23,-0.04%,00850
長榮航,"1,646.00",0.23,-0.02%,00850
陽明,"1,102.00",0.22,-0.02%,00850
矽力*-KY,210.00,0.22,+0.06%,00850
士電,234.00,0.20,+0.04%,00850
亞泥,"1,446.00",0.19,-0.03%,00850
友達,"3,698.00",0.19,+0.01%,00850
群光,435.00,0.19,-0.02%,00850
東元,589.00,0.18,-0.05%,00850
南電,124.00,0.18,+0.05%,00850
寶成,"1,582.00",0.18,-0.01%,00850
上銀,182.00,0.17,+0.02%,00850
宏,"1,812.00",0.17,-0.02%,00850
可成,227.00,0.17,-0.03%,00850
華航,"1,808.00",0.15,0.00%,00850
文曄,257.00,0.15,-0.02%,00850
億豐,94.00,0.15,0.00%,00850
台塑化,752.00,0.15,+0.01%,00850
大聯大,583.00,0.14,-0.01%,00850
微星,415.00,0.14,-0.02%,00850
鴻準,606.00,0.13,-0.02%,00850
正新,"1,137.00",0.13,-0.01%,00850
旭隼,41.00,0.13,-0.03%,00850
長興,520.00,0.12,+0.04%,00850
創見,120.00,0.12,+0.03%,00850
台肥,634.00,0.11,-0.01%,00850
華新,677.00,0.11,+0.03%,00850
群益證,991.00,0.11,+0.01%,00850
祥碩,23.00,0.11,0.00%,00850
豐泰,250.00,0.09,-0.03%,00850
華新科,176.00,0.09,+0.01%,00850
宏達電,418.00,0.07,-0.01%,00850
遠東銀,"1,499.00",0.07,-0.01%,00850
裕民,258.00,0.06,0.00%,00850
裕隆,517.00,0.06,0.00%,00850
中保科,151.00,0.06,0.00%,00850
巨大,180.00,0.06,-0.01%,00850
大同,344.00,0.05,0.00%,00850
富邦媒,57.00,0.04,0.00%,00850
中華,145.00,0.03,-0.01%,00850
台勝科,38.00,0.02,+0.01%,00850
國泰金,"625,095.00",10.25,-0.13%,00878
中信金,"855,511.00",9.47,+0.07%,00878
富邦金,"412,781.00",8.16,-0.84%,00878
聯電,"551,938.00",7.49,+1.04%,00878
聯發科,"15,362.00",5.88,+0.78%,00878
日月光投控,"58,523.00",3.78,+0.59%,00878
京元電子,"54,061.00",3.48,+0.37%,00878
華碩,"32,169.00",3.47,-0.68%,00878
元大金,"331,117.00",3.10,+0.22%,00878
廣達,"44,012.00",2.68,+0.08%,00878
光寶科,"73,180.00",2.61,+0.01%,00878
世界,"81,711.00",2.55,+0.79%,00878
台灣大,"101,554.00",2.33,-0.28%,00878
瑞昱,"22,159.00",2.33,-0.02%,00878
中華電,"79,910.00",2.32,-0.02%,00878
遠傳,"117,546.00",2.27,-0.03%,00878
統一,"141,732.00",2.21,-0.37%,00878
兆豐金,"260,726.00",2.20,-0.15%,00878
聯詠,"26,118.00",2.13,-0.20%,00878
緯創,"72,233.00",2.05,-0.32%,00878
鈊象,"12,074.00",1.88,-0.21%,00878
上海商銀,"210,705.00",1.81,-0.22%,00878
臻鼎-KY,"42,337.00",1.80,+0.41%,00878
中租-KY,"72,069.00",1.63,-0.21%,00878
遠東新,"254,724.00",1.54,-0.12%,00878
英業達,"156,341.00",1.53,+0.07%,00878
技嘉,"29,010.00",1.47,-0.23%,00878
仁寶,"186,738.00",1.33,+0.07%,00878
可成,"27,521.00",1.20,-0.18%,00878
正新,"138,248.00",0.92,-0.08%,00878
台積電,"21,011.00",43.16,+1.35%,00881
聯發科,"3,373.00",6.87,+0.63%,00881
鴻海,"26,883.00",6.86,-1.20%,00881
台達電,"4,682.00",6.61,+0.75%,00881
聯電,"38,773.00",2.80,+0.31%,00881
台光電,"1,302.00",2.63,-0.16%,00881
欣興,"5,433.00",2.38,+0.82%,00881
奇鋐,"1,355.00",2.29,-0.37%,00881
智邦,"1,689.00",2.18,-0.43%,00881
廣達,"6,110.00",1.98,-0.18%,00881
緯創,"12,581.00",1.90,-0.57%,00881
致茂,"1,631.00",1.85,+0.21%,00881
京元電子,"4,729.00",1.62,+0.10%,00881
大立光,452.00,1.26,-0.21%,00881
貿聯-KY,798.00,1.20,-0.38%,00881
台灣大,"9,337.00",1.14,-0.18%,00881
瑞昱,"2,037.00",1.14,-0.16%,00881
金像電,"1,381.00",1.12,-0.11%,00881
川湖,292.00,1.06,-0.37%,00881
遠傳,"10,315.00",1.06,-0.13%,00881
聯詠,"2,442.00",1.06,-0.13%,00881
旺矽,354.00,1.03,0.00%,00881
健鼎,"2,123.00",0.92,+0.04%,00881
力成,"3,028.00",0.89,+0.21%,00881
世界,"4,637.00",0.77,+0.22%,00881
和碩,"8,802.00",0.71,-0.07%,00881
英業達,"13,249.00",0.69,-0.04%,00881
仁寶,"17,678.00",0.67,-0.03%,00881
臻鼎-KY,"2,829.00",0.64,+0.12%,00881
大聯大,"6,719.00",0.50,-0.01%,00881
台積電,"6,892.00",42.96,+22.11%,00891
聯發科,"1,767.00",10.92,-9.85%,00891
日月光投控,"3,979.00",4.15,-5.99%,00891
聯電,"15,971.00",3.50,-5.05%,00891
信驊,98.00,3.06,+0.24%,00891
健策,292.00,2.91,+0.54%,00891
創意,270.00,2.48,+0.73%,00891
聯詠,"1,860.00",2.45,-0.77%,00891
旺矽,269.00,2.38,-0.21%,00891
世芯-KY,215.00,2.36,-1.91%,00891
瑞昱,"1,378.00",2.34,-1.28%,00891
力成,"2,287.00",2.04,+0.24%,00891
世界,"3,393.00",1.71,+0.86%,00891
京元電子,"1,578.00",1.64,-2.39%,00891
環球晶,831.00,1.45,+0.56%,00891
文曄,"2,628.00",1.44,+0.58%,00891
力旺,219.00,1.41,-0.29%,00891
大聯大,"5,270.00",1.19,-0.16%,00891
穎崴,81.00,1.11,+0.32%,00891
矽力*-KY,"1,076.00",1.06,+0.19%,00891
穩懋,"1,117.00",0.92,N/A,00891
欣銓,"1,446.00",0.81,N/A,00891
中美晶,"1,827.00",0.77,-0.07%,00891
精測,65.00,0.76,+0.31%,00891
矽格,"1,468.00",0.67,-0.10%,00891
祥碩,137.00,0.62,+0.16%,00891
愛普*,338.00,0.51,+0.04%,00891
中砂,350.00,0.50,+0.06%,00891
采鈺,330.00,0.33,+0.18%,00891
達發,131.00,0.20,+0.13%,00891
台積電,864.00,24.84,+0.02%,00892
創意,201.00,8.53,+0.64%,00892
信驊,55.00,7.88,+0.64%,00892
日月光投控,"1,530.00",7.36,+0.26%,00892
旺矽,163.00,6.64,-0.16%,00892
聯發科,226.00,6.44,+0.45%,00892
聯詠,741.00,4.50,-0.63%,00892
瑞昱,563.00,4.41,-0.69%,00892
穎崴,65.00,4.11,+0.70%,00892
力旺,136.00,4.03,-0.31%,00892
精測,52.00,2.78,+0.58%,00892
崇越,422.00,2.21,-0.07%,00892
中砂,260.00,1.71,-0.19%,00892
義隆,744.00,1.41,-0.23%,00892
全新,470.00,1.28,-0.04%,00892
萬潤,192.00,1.18,-0.12%,00892
原相,350.00,1.13,-0.19%,00892
精材,396.00,1.07,+0.05%,00892
京鼎,222.00,1.02,-0.12%,00892
世紀*,606.00,0.94,-0.16%,00892
志聖,236.00,0.91,-0.19%,00892
環宇-KY,207.00,0.78,-0.08%,00892
聯陽,386.00,0.75,-0.08%,00892
茂達,178.00,0.75,+0.04%,00892
達發,102.00,0.72,-0.12%,00892
致新,170.00,0.67,+0.01%,00892
瑞鼎,155.00,0.58,-0.08%,00892
新唐,494.00,0.50,+0.04%,00892
天虹,81.00,0.27,-0.09%,00892
均華,19.00,0.25,+0.02%,00892
台積電,720.00,30.04,+1.26%,00894
台達電,244.00,6.99,+0.94%,00894
鴻海,"1,199.00",6.21,-0.90%,00894
群聯,67.00,3.75,+1.25%,00894
台光電,87.00,3.57,-0.10%,00894
智邦,131.00,3.43,-0.56%,00894
國巨*,494.00,3.22,+0.28%,00894
廣達,474.00,3.12,-0.21%,00894
致茂,122.00,2.81,+0.37%,00894
京元電子,403.00,2.80,+0.23%,00894
奇鋐,81.00,2.78,-0.40%,00894
信驊,11.00,2.34,+0.10%,00894
創意,35.00,2.15,+0.21%,00894
華碩,180.00,2.10,-0.45%,00894
貿聯-KY,68.00,2.07,-0.58%,00894
金像電,124.00,2.04,-0.15%,00894
旺矽,35.00,2.04,+0.07%,00894
緯穎,24.00,2.02,-0.71%,00894
華城,88.00,2.01,+0.28%,00894
世芯-KY,26.00,1.91,-0.40%,00894
台燿,152.00,1.80,-0.13%,00894
穎崴,17.00,1.56,+0.34%,00894
精測,16.00,1.24,+0.31%,00894
金居,162.00,1.00,-0.16%,00894
愛普*,98.00,0.99,-0.13%,00894
順達,122.00,0.97,-0.09%,00894
聖暉*,65.00,0.96,-0.35%,00894
雙鴻,43.00,0.92,-0.21%,00894
勤誠,37.00,0.79,-0.15%,00894
萬潤,76.00,0.68,-0.03%,00894
台積電,432.00,14.19,+0.68%,00896
台達電,352.00,7.94,+1.08%,00896
鴻海,"1,774.00",7.23,-1.03%,00896
聯發科,116.00,3.77,+0.42%,00896
南亞,"2,637.00",3.70,+0.49%,00896
中華電,"1,382.00",3.41,-0.23%,00896
致茂,176.00,3.19,+0.42%,00896
緯創,"1,219.00",2.94,-0.77%,00896
光寶科,881.00,2.67,-0.24%,00896
旺矽,51.00,2.37,+0.04%,00896
中鋼,"6,101.00",2.34,0.00%,00896
貿聯-KY,97.00,2.34,-0.65%,00896
華新,"2,885.00",2.32,+0.46%,00896
台泥,"4,693.00",2.29,+0.09%,00896
聯電,"1,708.00",1.97,+0.27%,00896
日月光投控,350.00,1.92,+0.14%,00896
台灣大,969.00,1.89,-0.23%,00896
群聯,40.00,1.76,+0.58%,00896
和碩,"1,265.00",1.63,-0.12%,00896
技嘉,337.00,1.45,-0.25%,00896
研華,255.00,1.41,-0.07%,00896
高力,98.00,1.35,+0.20%,00896
京元電子,241.00,1.32,+0.11%,00896
大同,"1,794.00",1.29,+0.15%,00896
亞泥,"1,970.00",1.28,-0.20%,00896
東元,807.00,1.22,-0.15%,00896
新普,186.00,1.19,-0.16%,00896
信邦,259.00,1.12,+0.12%,00896
瑞儀,492.00,1.11,-0.12%,00896
順達,176.00,1.10,-0.10%,00896
微星,612.00,1.02,-0.17%,00896
瑞昱,106.00,0.95,-0.10%,00896
華立,408.00,0.94,+0.06%,00896
聯詠,133.00,0.92,-0.09%,00896
旭隼,58.00,0.92,-0.23%,00896
正新,"1,609.00",0.91,-0.05%,00896
康舒,967.00,0.89,+0.06%,00896
世芯-KY,15.00,0.87,-0.22%,00896
大亞,"1,081.00",0.83,0.00%,00896
佳世達,"1,674.00",0.78,-0.01%,00896
中鼎,"1,344.00",0.77,-0.07%,00896
世紀鋼,259.00,0.65,-0.08%,00896
聚和,782.00,0.51,0.00%,00896
達興材料,76.00,0.46,-0.08%,00896
康普,368.00,0.46,-0.04%,00896
系統電,400.00,0.45,-0.10%,00896
明基材,"1,165.00",0.42,+0.08%,00896
上緯投控,190.00,0.41,-0.02%,00896
全漢,409.00,0.39,-0.04%,00896
宣德,519.00,0.35,-0.08%,00896
台積電,363.00,31.11,+0.60%,00901
聯發科,108.00,9.14,+0.80%,00901
台達電,150.00,8.84,+1.00%,00901
鴻海,773.00,8.22,-1.43%,00901
日月光投控,235.00,3.36,+0.18%,00901
廣達,195.00,2.64,-0.24%,00901
聯電,834.00,2.51,+0.29%,00901
智邦,39.00,2.11,-0.41%,00901
台光電,23.00,1.96,-0.11%,00901
國巨*,136.00,1.82,+0.12%,00901
奇鋐,23.00,1.64,-0.26%,00901
緯穎,8.00,1.44,-0.59%,00901
華邦電,221.00,1.37,+0.38%,00901
緯創,218.00,1.37,-0.41%,00901
南亞科,84.00,1.32,+0.44%,00901
鴻勁,7.00,1.32,-0.04%,00901
致茂,28.00,1.31,+0.15%,00901
光寶科,150.00,1.19,-0.14%,00901
華碩,50.00,1.19,-0.29%,00901
京元電子,79.00,1.13,+0.06%,00901
健策,7.00,1.02,-0.09%,00901
信驊,2.00,0.91,+0.08%,00901
大立光,8.00,0.90,-0.14%,00901
創意,6.00,0.79,+0.07%,00901
金像電,23.00,0.77,-0.08%,00901
川湖,5.00,0.75,-0.26%,00901
華城,16.00,0.75,+0.09%,00901
群創,571.00,0.60,+0.07%,00901
華新,276.00,0.58,+0.10%,00901
元太,64.00,0.54,-0.15%,00901
漢唐,12.00,0.53,-0.09%,00901
世界,75.00,0.52,+0.15%,00901
和碩,146.00,0.49,-0.05%,00901
環球晶,18.00,0.43,+0.03%,00901
東元,106.00,0.42,-0.07%,00901
光聖,5.00,0.41,+0.06%,00901
可成,39.00,0.38,-0.06%,00901
威剛,21.00,0.37,+0.05%,00901
友達,498.00,0.33,0.00%,00901
亞泥,183.00,0.31,-0.06%,00901
亞翔,11.00,0.31,-0.03%,00901
中興電,31.00,0.25,0.00%,00901
大同,133.00,0.25,+0.02%,00901
士電,23.00,0.25,+0.04%,00901
新普,13.00,0.21,-0.03%,00901
微星,48.00,0.21,-0.04%,00901
旭隼,5.00,0.21,-0.06%,00901
正新,136.00,0.20,-0.01%,00901
信邦,15.00,0.17,+0.01%,00901
東陽,30.00,0.16,0.00%,00901
聯發科,"1,112.00",5.71,+0.83%,00900
台新新光金,"85,912.00",5.69,+0.31%,00900
台積電,"1,077.00",5.58,+0.45%,00900
華南金,"52,706.00",5.09,+0.08%,00900
玉山金,"51,104.00",4.98,-0.31%,00900
大立光,704.00,4.95,-0.44%,00900
群聯,707.00,4.91,+1.76%,00900
永豐金,"57,523.00",4.80,-0.25%,00900
中租-KY,"15,061.00",4.57,-0.31%,00900
漢唐,"1,706.00",4.52,-0.45%,00900
兆豐金,"38,691.00",4.38,-0.37%,00900
統一,"20,268.00",4.24,-0.56%,00900
瑞昱,"2,977.00",4.20,-0.27%,00900
材料*-KY,"27,976.00",4.02,-0.43%,00900
大聯大,"20,629.00",3.87,+0.19%,00900
力成,"5,182.00",3.84,+1.09%,00900
新普,"3,214.00",3.24,-0.30%,00900
光寶科,"6,750.00",3.23,-0.16%,00900
可成,"5,470.00",3.20,-0.29%,00900
亞翔,"1,443.00",2.42,-0.02%,00900
聚陽,"2,603.00",2.32,+0.02%,00900
興富發,"14,557.00",1.58,-0.22%,00900
信邦,"2,216.00",1.51,+0.20%,00900
洋基工程,734.00,1.27,+0.02%,00900
中美晶,"2,942.00",1.03,+0.06%,00900
玉晶光,695.00,0.92,-0.04%,00900
大成,"5,993.00",0.89,-0.04%,00900
聖暉*,473.00,0.87,-0.26%,00900
亞泥,"7,996.00",0.82,-0.09%,00900
譜瑞-KY,466.00,0.72,-0.12%,00900
台積電,"1,081.00",38.54,-3.02%,00904
聯發科,274.00,9.69,-0.04%,00904
日月光投控,588.00,3.51,-0.19%,00904
旺宏,"1,743.00",3.25,+1.53%,00904
南亞科,407.00,2.67,+0.79%,00904
華邦電,"1,023.00",2.64,+0.52%,00904
聯電,"2,074.00",2.60,+0.04%,00904
群聯,54.00,2.58,+0.63%,00904
力積電,"1,748.00",2.44,+0.71%,00904
景碩,417.00,2.11,+0.45%,00904
力成,378.00,1.93,+0.29%,00904
世界,656.00,1.89,+0.37%,00904
創見,325.00,1.74,+0.14%,00904
穎崴,21.00,1.65,+0.20%,00904
矽力*-KY,289.00,1.63,+0.24%,00904
環球晶,158.00,1.58,-0.03%,00904
京元電子,259.00,1.54,-0.07%,00904
信驊,8.00,1.44,+0.02%,00904
創意,26.00,1.37,-0.06%,00904
中美晶,564.00,1.36,-0.15%,00904
旺矽,26.00,1.31,-0.20%,00904
采鈺,225.00,1.29,-0.32%,00904
新應材,73.00,1.26,-0.34%,00904
祥碩,46.00,1.19,-0.20%,00904
愛普,N/A,1.18,-0.37%,00904
聯詠,153.00,1.15,-0.28%,00904
世芯-KY,18.00,1.13,-0.44%,00904
達發,129.00,1.13,-0.31%,00904
瑞昱,114.00,1.11,-0.28%,00904
力旺,29.00,1.07,-0.20%,00904
台積電,"1,220.00",31.02,-0.83%,00905
台達電,305.00,5.33,+0.63%,00905
聯發科,196.00,4.94,+0.53%,00905
鴻海,"1,482.00",4.68,-0.67%,00905
日月光投控,799.00,3.40,N/A,00905
富邦金,"2,250.00",2.93,-0.46%,00905
廣達,723.00,2.90,+0.10%,00905
國泰金,"2,667.00",2.88,-0.38%,00905
中華電,"1,485.00",2.84,0.00%,00905
中信金,"3,827.00",2.79,-0.36%,00905
華通,401.00,0.97,+0.37%,00905
臻鼎-KY,346.00,0.97,+0.28%,00905
致茂,68.00,0.95,-0.02%,00905
國巨*,214.00,0.85,-0.07%,00905
力成,234.00,0.85,+0.14%,00905
華城,60.00,0.83,-0.03%,00905
長榮,300.00,0.80,-0.01%,00905
聯電,884.00,0.79,+0.13%,00905
健鼎,142.00,0.76,-0.02%,00905
京元電子,175.00,0.74,-0.16%,00905
漢唐,56.00,0.73,-0.18%,00905
台光電,28.00,0.70,-0.28%,00905
嘉澤,34.00,0.70,+0.16%,00905
萬海,655.00,0.69,-0.03%,00905
金像電,68.00,0.68,-0.47%,00905
瑞昱,97.00,0.67,+0.02%,00905
川湖,15.00,0.67,-0.24%,00905
穎崴,12.00,0.67,+0.11%,00905
光聖,26.00,0.66,+0.10%,00905
健策,16.00,0.65,-0.06%,00905
亞翔,79.00,0.65,-0.05%,00905
奇鋐,31.00,0.65,-0.41%,00905
聯詠,115.00,0.62,+0.06%,00905
智邦,39.00,0.62,-0.23%,00905
億豐,98.00,0.60,+0.03%,00905
大立光,17.00,0.59,N/A,00905
陽明,758.00,0.58,-0.17%,00905
貿聯-KY,31.00,0.57,-0.55%,00905
創見,144.00,0.55,N/A,00905
統一超,177.00,0.54,-0.04%,00905
勤誠,42.00,0.54,-0.12%,00905
儒鴻,91.00,0.52,N/A,00905
緯穎,10.00,0.51,N/A,00905
豐泰,334.00,0.46,-0.06%,00905
美時,89.00,0.46,N/A,00905
寶成,986.00,0.43,N/A,00905
聚陽,82.00,0.36,-0.02%,00905
旭隼,29.00,0.35,-0.11%,00905
神基,211.00,0.34,-0.05%,00905
群益證,729.00,0.31,+0.03%,00905
矽格,161.00,0.30,0.00%,00905
帆宣,74.00,0.30,0.00%,00905
崇越,65.00,0.30,0.00%,00905
精成科,167.00,0.26,-0.04%,00905
玉晶光,38.00,0.25,-0.02%,00905
潤弘,104.00,0.25,-0.03%,00905
東和鋼鐵,241.00,0.24,N/A,00905
超豐,187.00,0.24,-0.03%,00905
富邦媒,89.00,0.24,-0.06%,00905
瀚宇博,164.00,0.23,-0.01%,00905
材料*-KY,326.00,0.23,-0.05%,00905
統一證,546.00,0.23,N/A,00905
卜蜂,99.00,0.21,0.00%,00905
勝一,98.00,0.20,-0.02%,00905
德律,78.00,0.20,-0.04%,00905
華東,176.00,0.20,N/A,00905
南茂,232.00,0.20,N/A,00905
樺漢,47.00,0.19,-0.02%,00905
建準,93.00,0.19,-0.05%,00905
宏達電,280.00,0.18,N/A,00905
復盛應用,47.00,0.18,-0.01%,00905
義隆,101.00,0.17,-0.02%,00905
新產,105.00,0.17,-0.03%,00905
達興材料,34.00,0.16,-0.03%,00905
京鼎,37.00,0.15,N/A,00905
統一實,546.00,0.14,-0.01%,00905
帝寶,55.00,0.12,N/A,00905
晶華,45.00,0.12,-0.01%,00905
華榮,220.00,0.12,N/A,00905
新纖,560.00,0.12,N/A,00905
晶碩,26.00,0.11,-0.01%,00905
矽創,39.00,0.11,0.00%,00905
致新,29.00,0.10,0.00%,00905
興勤,42.00,0.10,N/A,00905
中再保,262.00,0.10,N/A,00905
聯陽,58.00,0.10,0.00%,00905
櫻花建,147.00,0.10,N/A,00905
立隆電,58.00,0.09,0.00%,00905
王品,29.00,0.09,-0.01%,00905
楠梓電,64.00,0.09,-0.01%,00905
櫻花,76.00,0.09,-0.01%,00905
碩天,31.00,0.08,-0.03%,00905
葡萄王,46.00,0.08,-0.01%,00905
雄獅,33.00,0.08,0.00%,00905
禾伸堂,53.00,0.08,N/A,00905
合勤控,134.00,0.07,N/A,00905
永信,88.00,0.07,-0.01%,00905
拓凱,31.00,0.07,-0.01%,00905
乙盛-KY,58.00,0.07,0.00%,00905
振樺電,27.00,0.07,0.00%,00905
泰博,31.00,0.06,0.00%,00905
中聯資源,60.00,0.06,0.00%,00905
正文,147.00,0.06,N/A,00905
群益期,81.00,0.06,-0.01%,00905
飛捷,46.00,0.06,-0.01%,00905
智伸科,37.00,0.06,N/A,00905
皇普,153.00,0.06,N/A,00905
台航,134.00,0.06,N/A,00905
三芳,133.00,0.06,N/A,00905
廣隆,28.00,0.05,-0.01%,00905
生達,57.00,0.05,-0.01%,00905
大毅,53.00,0.05,N/A,00905
威強電,55.00,0.05,N/A,00905
鈞興-KY,19.00,0.05,N/A,00905
洋華,55.00,0.05,N/A,00905
宏致,54.00,0.05,N/A,00905
豐祥-KY,25.00,0.05,0.00%,00905
茂順,31.00,0.05,0.00%,00905
捷敏-KY,45.00,0.05,0.00%,00905
柏文,25.00,0.05,-0.01%,00905
東科-KY,28.00,0.04,0.00%,00905
富華新,166.00,0.04,-0.01%,00905
海華,47.00,0.04,-0.01%,00905
第一保,103.00,0.04,0.00%,00905
宏璟,97.00,0.04,N/A,00905
東鹼,84.00,0.04,N/A,00905
劍麟,29.00,0.04,0.00%,00905
大統益,19.00,0.04,0.00%,00905
固緯,42.00,0.03,-0.01%,00905
根基,24.00,0.03,N/A,00905
泰銘,20.00,0.02,N/A,00905
長榮,"1,173.00",7.60,-0.28%,00907
中信金,"3,022.00",5.36,-0.01%,00907
元大金,"3,567.00",5.35,+0.39%,00907
聚陽,492.00,5.24,+0.21%,00907
東元,"1,740.00",4.96,-0.21%,00907
陽明,"2,596.00",4.83,-0.29%,00907
富邦金,"1,509.00",4.78,-0.35%,00907
長榮航,"3,154.00",4.11,+0.03%,00907
寶成,"3,836.00",4.07,-0.02%,00907
永豐金,"3,923.00",3.91,-0.06%,00907
群益證,"3,508.00",3.63,+0.66%,00907
玉山金,"2,999.00",3.49,-0.09%,00907
兆豐金,"2,234.00",3.02,-0.14%,00907
華航,"3,581.00",2.77,+0.22%,00907
儒鴻,200.00,2.77,+0.04%,00907
台灣高鐵,"2,844.00",2.71,-0.11%,00907
東陽,684.00,2.61,+0.27%,00907
中興電,439.00,2.58,+0.25%,00907
豐泰,758.00,2.54,-0.58%,00907
億豐,170.00,2.53,+0.36%,00907
亞泥,"2,066.00",2.53,-0.19%,00907
上海商銀,"1,824.00",2.51,-0.11%,00907
彰銀,"3,461.00",2.46,-0.04%,00907
合庫金,"2,742.00",2.25,-0.11%,00907
統一超,302.00,2.25,-0.12%,00907
正新,"2,045.00",2.18,+0.05%,00907
萬海,660.00,1.69,-0.15%,00907
台中銀,"2,181.00",1.52,-0.08%,00907
臺企銀,"2,143.00",1.15,-0.06%,00907
上銀,104.00,0.91,+0.19%,00907
台積電,316.00,44.11,+1.87%,00912
台達電,42.00,4.00,+0.03%,00912
聯發科,25.00,3.50,-0.37%,00912
川湖,13.00,3.24,-0.40%,00912
鴻勁,10.00,2.89,N/A,00912
金像電,51.00,2.81,N/A,00912
健策,11.00,2.48,-0.62%,00912
台新新光金,"1,377.00",2.46,+0.73%,00912
智邦,27.00,2.33,+0.84%,00912
元太,161.00,2.22,+0.66%,00912
奇鋐,19.00,2.15,-0.50%,00912
中信金,512.00,2.05,+0.45%,00912
研華,86.00,2.02,+1.48%,00912
永豐金,857.00,1.93,-0.17%,00912
鴻海,105.00,1.83,-1.36%,00912
台光電,13.00,1.72,-0.19%,00912
華邦電,160.00,1.62,N/A,00912
南亞科,55.00,1.41,N/A,00912
大立光,6.00,1.12,+0.54%,00912
富邦金,143.00,1.02,+0.89%,00912
玉山金,377.00,0.99,-0.34%,00912
緯穎,3.00,0.98,-1.34%,00912
瑞昱,25.00,0.95,-0.91%,00912
華南金,338.00,0.88,+0.17%,00912
緯創,71.00,0.73,-0.69%,00912
元大金,213.00,0.72,+0.35%,00912
第一金,309.00,0.70,-0.13%,00912
遠傳,100.00,0.70,-0.49%,00912
凱基金,479.00,0.68,+0.54%,00912
光寶科,53.00,0.68,+0.22%,00912
合庫金,340.00,0.63,+0.02%,00912
聯電,106.00,0.52,+0.24%,00912
國巨*,17.00,0.37,-0.77%,00912
中華電,35.00,0.37,-0.55%,00912
台積電,46.00,23.34,-0.99%,00913
聯電,459.00,8.11,+0.47%,00913
聯發科,16.00,7.86,+0.23%,00913
環球晶,37.00,5.14,+0.13%,00913
群聯,8.00,5.14,+1.40%,00913
精測,4.00,4.10,+0.72%,00913
創意,5.00,3.76,+0.12%,00913
信驊,1.00,3.34,-0.23%,00913
穎崴,3.00,3.09,+0.41%,00913
致茂,11.00,3.07,+0.18%,00913
旺矽,4.00,2.74,-0.19%,00913
長興,157.00,2.74,+0.57%,00913
世界,57.00,2.32,+0.54%,00913
聯詠,21.00,2.28,-0.43%,00913
瑞昱,17.00,2.28,-0.47%,00913
中美晶,64.00,2.17,-0.13%,00913
愛普*,18.00,2.16,-0.53%,00913
力旺,4.00,2.02,-0.26%,00913
祥碩,5.00,1.85,-0.22%,00913
智原,39.00,1.84,-0.41%,00913
日月光投控,21.00,1.80,-0.02%,00913
聖暉*,10.00,1.72,-0.82%,00913
大同,153.00,1.69,+0.05%,00913
崇越,8.00,0.77,-0.06%,00913
義隆,20.00,0.67,-0.14%,00913
京元電子,7.00,0.61,0.00%,00913
力成,4.00,0.32,+0.06%,00913
景碩,2.00,0.13,+0.02%,00913
矽格,3.00,0.11,-0.01%,00913
頎邦,5.00,0.07,-0.01%,00913
聯電,"33,724.00",9.47,+2.10%,00915
中信金,"35,188.00",8.06,-1.31%,00915
國泰金,"23,607.00",8.01,-0.46%,00915
台新新光金,"74,006.00",7.56,+3.37%,00915
富邦金,"17,186.00",7.03,-1.98%,00915
玉山金,"36,858.00",5.54,+4.44%,00915
長榮航,"29,470.00",4.96,-2.05%,00915
聯詠,"2,803.00",4.73,+1.31%,00915
中租-KY,"8,589.00",4.02,-0.97%,00915
群光,"7,616.00",4.01,-0.37%,00915
瑞儀,"6,612.00",3.63,-0.87%,00915
統一,"11,188.00",3.61,+2.84%,00915
聯強,"10,924.00",3.22,+1.00%,00915
瑞昱,"1,402.00",3.05,+0.73%,00915
群益證,"22,446.00",3.00,-0.42%,00915
大聯大,"8,467.00",2.45,+2.01%,00915
台灣大,"5,097.00",2.42,+1.92%,00915
凱基金,"26,715.00",2.17,-0.80%,00915
鈊象,642.00,2.07,+1.66%,00915
華航,"18,718.00",1.87,-0.77%,00915
遠傳,"4,329.00",1.73,+1.39%,00915
台表科,"3,302.00",1.37,-0.43%,00915
國產,"7,628.00",1.21,+1.02%,00915
致伸,"3,162.00",1.12,+0.89%,00915
寶雅,320.00,0.57,+0.50%,00915
潤泰全,924.00,0.21,-0.33%,00915
統一超,125.00,0.12,+0.10%,00915
研華,89.00,0.12,+0.10%,00915
崇越,83.00,0.12,-0.16%,00915
潤泰新,849.00,0.11,-0.14%,00915
國泰金,"696,770.00",12.90,-0.65%,00919
中信金,"983,344.00",12.29,-0.15%,00919
富邦金,"445,342.00",9.94,-1.01%,00919
聯電,"631,774.00",9.68,+1.76%,00919
台新新光金,"1,121,309.00",6.25,+0.74%,00919
長榮,"127,214.00",5.81,-0.64%,00919
華碩,"36,867.00",4.49,-0.39%,00919
聯詠,"41,486.00",3.82,+0.08%,00919
世界,"101,602.00",3.58,+0.27%,00919
陽明,"238,712.00",3.13,-0.07%,00919
長榮航,"288,566.00",2.65,-0.32%,00919
力成,"37,840.00",2.36,+0.73%,00919
漢唐,"9,643.00",2.15,-0.16%,00919
可成,"31,484.00",1.55,-0.19%,00919
文曄,"34,721.00",1.33,+0.18%,00919
瑞儀,"44,064.00",1.32,0.00%,00919
創見,"20,019.00",1.31,+0.32%,00919
新普,"14,145.00",1.20,-0.09%,00919
遠雄,"73,208.00",1.19,-0.20%,00919
慧洋-KY,"60,484.00",1.05,-0.07%,00919
國產,"117,845.00",1.02,-0.06%,00919
裕民,"62,202.00",0.95,-0.19%,00919
群光,"28,891.00",0.83,+0.02%,00919
聚陽,"11,065.00",0.83,+0.03%,00919
至上,"35,142.00",0.73,-0.10%,00919
順達,"7,580.00",0.63,-0.01%,00919
大聯大,"39,903.00",0.63,+0.07%,00919
群益證,"71,305.00",0.52,+0.08%,00919
大成鋼,"53,887.00",0.52,+0.06%,00919
卜蜂,"13,987.00",0.51,+0.06%,00919
材料*-KY,"41,346.00",0.50,-0.02%,00919
長華*,"40,550.00",0.46,+0.01%,00919
復盛應用,"6,977.00",0.46,+0.03%,00919
長榮鋼,"18,188.00",0.46,+0.04%,00919
義隆,"15,664.00",0.45,-0.04%,00919
台灣虎航,"27,110.00",0.45,+0.03%,00919
致伸,"22,252.00",0.43,-0.01%,00919
台表科,"18,110.00",0.41,-0.02%,00919
群電,"19,130.00",0.38,-0.04%,00919
可寧衛*,"32,094.00",0.29,-0.23%,00919
長榮,"35,366.00",8.16,+1.55%,00918
中信金,"100,254.00",6.33,+0.56%,00918
國巨*,"16,762.00",5.77,+2.10%,00918
廣達,"16,008.00",5.56,+0.34%,00918
聯電,"70,796.00",5.48,+0.87%,00918
台新新光金,"183,958.00",5.18,+1.11%,00918
長榮航,"108,205.00",5.02,+0.64%,00918
富邦金,"43,722.00",4.93,-1.20%,00918
國泰金,"50,464.00",4.72,+1.68%,00918
華碩,"7,005.00",4.31,+0.09%,00918
玉山金,"98,958.00",4.10,+2.04%,00918
華航,"147,794.00",4.07,+0.55%,00918
瑞昱,"6,169.00",3.70,-0.47%,00918
緯創,"21,868.00",3.54,+1.63%,00918
技嘉,"11,452.00",3.31,+1.25%,00918
可成,"12,263.00",3.05,-0.48%,00918
健鼎,"6,329.00",2.94,-0.57%,00918
亞泥,"62,840.00",2.74,+1.32%,00918
元太,"12,023.00",2.61,+1.08%,00918
漢唐,"2,033.00",2.29,-0.92%,00918
文曄,"10,284.00",1.99,+0.91%,00918
新普,"4,247.00",1.82,-0.04%,00918
儒鴻,"3,533.00",1.74,-0.05%,00918
宏,"48,497.00",1.51,+0.51%,00918
寶成,"39,712.00",1.50,-0.62%,00918
大成鋼,"25,025.00",1.22,+0.53%,00918
神基,"6,449.00",0.90,+0.29%,00918
旭隼,671.00,0.71,+0.38%,00918
豐泰,"4,022.00",0.48,+0.08%,00918
洋基工程,218.00,0.16,0.00%,00918
美時,158.00,3.69,+0.69%,00921
聯發科,31.00,3.56,+0.56%,00921
南亞,720.00,3.53,+0.63%,00921
致茂,55.00,3.46,+0.62%,00921
華城,54.00,3.41,+0.62%,00921
台積電,30.00,3.40,+0.32%,00921
大立光,21.00,3.32,-0.25%,00921
億豐,114.00,3.14,+0.38%,00921
和成,"2,612.00",3.12,+1.38%,00921
台塑化,902.00,3.11,+0.23%,00921
兆聯實業,69.00,3.11,-0.09%,00921
台光電,27.00,3.09,+0.07%,00921
文曄,291.00,2.93,+0.26%,00921
中租-KY,430.00,2.89,-0.16%,00921
長榮,240.00,2.88,-0.18%,00921
儒鴻,112.00,2.86,-0.01%,00921
零壹,397.00,2.86,-0.15%,00921
王品,208.00,2.86,-0.16%,00921
材料*-KY,893.00,2.84,-0.27%,00921
正新,"1,427.00",2.82,0.00%,00921
華榮,"1,145.00",2.82,-0.12%,00921
櫻花建,918.00,2.81,-0.18%,00921
三陽工業,723.00,2.79,-0.17%,00921
東和鋼鐵,620.00,2.78,+0.13%,00921
廣達,153.00,2.77,-0.03%,00921
智邦,38.00,2.74,-0.28%,00921
統一,588.00,2.72,-0.31%,00921
永豐餘,"1,660.00",2.68,+0.11%,00921
富邦金,455.00,2.67,-0.25%,00921
統一超,193.00,2.66,-0.20%,00921
亞泥,"1,168.00",2.65,-0.26%,00921
中華資安,159.00,2.63,+0.54%,00921
豐泰,357.00,2.22,-0.57%,00921
台積電,"5,684.00",44.53,+1.68%,00923
鴻海,"6,741.00",6.56,-0.93%,00923
聯發科,830.00,6.45,+0.70%,00923
台達電,"1,157.00",6.23,+0.82%,00923
日月光投控,"1,778.00",2.33,+0.17%,00923
廣達,"1,554.00",1.92,-0.11%,00923
聯電,"5,955.00",1.64,+0.24%,00923
智邦,297.00,1.46,-0.24%,00923
台光電,180.00,1.39,-0.04%,00923
富邦金,"3,265.00",1.31,-0.21%,00923
中信金,"5,698.00",1.28,-0.14%,00923
國巨*,"1,012.00",1.24,+0.11%,00923
欣興,682.00,1.14,+0.37%,00923
奇鋐,174.00,1.12,-0.15%,00923
國泰金,"3,125.00",1.04,-0.11%,00923
緯穎,64.00,1.01,-0.34%,00923
中華電,"1,697.00",1.00,-0.07%,00923
緯創,"1,702.00",0.98,-0.25%,00923
致茂,206.00,0.89,+0.15%,00923
華碩,402.00,0.88,-0.18%,00923
光寶科,"1,174.00",0.85,-0.08%,00923
玉山金,"5,224.00",0.77,-0.08%,00923
元大金,"4,053.00",0.77,0.00%,00923
台新新光金,"7,486.00",0.75,+0.01%,00923
兆豐金,"4,029.00",0.69,-0.08%,00923
聯詠,363.00,0.60,-0.05%,00923
瑞昱,276.00,0.59,-0.05%,00923
永豐金,"4,595.00",0.58,-0.06%,00923
貿聯-KY,101.00,0.58,-0.13%,00923
創意,48.00,0.56,+0.09%,00923
金像電,178.00,0.55,-0.04%,00923
大立光,50.00,0.53,-0.07%,00923
世芯-KY,38.00,0.52,-0.12%,00923
統一,"1,612.00",0.51,-0.08%,00923
川湖,36.00,0.50,-0.15%,00923
第一金,"3,855.00",0.49,-0.05%,00923
華南金,"3,286.00",0.48,-0.01%,00923
和泰車,162.00,0.39,-0.04%,00923
合庫金,"3,560.00",0.37,-0.04%,00923
台灣大,709.00,0.33,-0.04%,00923
遠傳,842.00,0.33,-0.02%,00923
研華,250.00,0.33,-0.02%,00923
華城,75.00,0.32,+0.05%,00923
和碩,"1,040.00",0.32,-0.02%,00923
英業達,"1,460.00",0.29,-0.01%,00923
藥華藥,82.00,0.28,+0.09%,00923
中租-KY,588.00,0.27,-0.03%,00923
彰銀,"2,777.00",0.25,-0.02%,00923
上海商銀,"1,319.00",0.23,-0.03%,00923
東元,360.00,0.13,-0.01%,00923
台積電,"11,649.00",45.18,+2.21%,00922
鴻海,"9,818.00",4.73,-0.68%,00922
台達電,"1,759.00",4.69,+0.64%,00922
聯發科,"1,209.00",4.65,+0.53%,00922
日月光投控,"3,298.00",2.14,+0.16%,00922
中信金,"16,724.00",1.86,-0.14%,00922
富邦金,"8,459.00",1.68,-0.25%,00922
國泰金,"10,198.00",1.68,-0.17%,00922
聯電,"11,442.00",1.56,+0.21%,00922
廣達,"2,419.00",1.48,-0.09%,00922
國巨*,"2,243.00",1.36,+0.12%,00922
緯穎,174.00,1.36,-0.51%,00922
台新新光金,"26,412.00",1.31,+0.02%,00922
台光電,330.00,1.26,-0.04%,00922
智邦,517.00,1.26,-0.20%,00922
元大金,"12,864.00",1.21,+0.01%,00922
奇鋐,370.00,1.18,-0.15%,00922
玉山金,"15,210.00",1.11,-0.12%,00922
中華電,"3,737.00",1.09,-0.08%,00922
光寶科,"2,679.00",0.96,-0.08%,00922
緯創,"3,121.00",0.89,-0.24%,00922
凱基金,"22,313.00",0.88,-0.03%,00922
統一,"5,170.00",0.81,-0.15%,00922
欣興,967.00,0.80,+0.29%,00922
華碩,720.00,0.78,-0.16%,00922
中租-KY,"3,169.00",0.72,-0.08%,00922
大立光,131.00,0.69,-0.09%,00922
瑞昱,615.00,0.65,-0.07%,00922
兆豐金,"7,549.00",0.64,-0.08%,00922
致茂,290.00,0.62,+0.08%,00922
和泰車,522.00,0.62,-0.06%,00922
世芯-KY,89.00,0.61,-0.14%,00922
聯詠,720.00,0.59,-0.06%,00922
台灣大,"2,516.00",0.58,-0.07%,00922
第一金,"9,058.00",0.57,-0.06%,00922
遠傳,"2,835.00",0.55,-0.04%,00922
上海商銀,"6,257.00",0.54,-0.06%,00922
永豐金,"8,641.00",0.54,-0.05%,00922
亞德客-KY,217.00,0.54,+0.06%,00922
合庫金,"9,911.00",0.51,-0.06%,00922
鈊象,307.00,0.48,-0.05%,00922
華南金,"6,499.00",0.47,-0.01%,00922
信驊,24.00,0.46,+0.05%,00922
元太,"1,177.00",0.45,-0.10%,00922
貿聯-KY,144.00,0.41,-0.12%,00922
健策,64.00,0.40,-0.03%,00922
京元電子,618.00,0.40,+0.03%,00922
創意,68.00,0.39,+0.05%,00922
金像電,242.00,0.37,-0.03%,00922
川湖,42.00,0.29,-0.09%,00922
台積電,"1,272.00",14.55,+0.59%,00927
聯發科,"1,047.00",11.87,+0.55%,00927
聯電,"20,592.00",8.28,+0.31%,00927
日月光投控,"3,328.00",6.37,+0.81%,00927
世界,"5,050.00",4.67,+1.02%,00927
群聯,280.00,4.29,+1.58%,00927
聯詠,"1,750.00",4.23,-0.68%,00927
力成,"2,316.00",3.79,+0.64%,00927
瑞昱,"1,146.00",3.57,-0.64%,00927
環球晶,"1,009.00",3.23,+0.16%,00927
京元電子,"1,526.00",2.91,+0.39%,00927
威剛,"1,131.00",2.65,+0.54%,00927
欣銓,"2,423.00",2.49,+0.48%,00927
中美晶,"3,207.00",2.48,-0.50%,00927
創見,"1,398.00",2.40,+0.57%,00927
頎邦,"5,182.00",1.83,-0.27%,00927
矽格,"2,185.00",1.83,+0.13%,00927
超豐,"3,055.00",1.76,-0.28%,00927
世芯-KY,86.00,1.73,-0.62%,00927
祥碩,191.00,1.59,-0.15%,00927
致新,945.00,1.48,-0.01%,00927
瑞鼎,985.00,1.47,-0.22%,00927
旺矽,86.00,1.39,+0.08%,00927
天鈺,"1,457.00",1.38,-0.18%,00927
矽創,"1,087.00",1.37,-0.09%,00927
聯陽,"1,681.00",1.30,-0.14%,00927
義隆,"1,711.00",1.29,-0.24%,00927
京鼎,688.00,1.26,-0.17%,00927
原相,965.00,1.24,-0.23%,00927
譜瑞-KY,296.00,1.01,-0.29%,00927
聯電,"168,897.00",8.49,+0.96%,00929
聯發科,"4,422.00",6.27,+3.32%,00929
力成,"29,812.00",6.10,+2.17%,00929
華碩,"13,740.00",5.49,-0.36%,00929
漢唐,"6,576.00",4.81,-0.25%,00929
大立光,"2,478.00",4.81,+2.24%,00929
仁寶,"163,367.00",4.31,+0.30%,00929
健鼎,"12,364.00",3.73,-0.40%,00929
威剛,"12,362.00",3.62,+1.02%,00929
聯詠,"11,288.00",3.41,-0.83%,00929
環球晶,"7,793.00",3.12,+1.72%,00929
世界,"22,319.00",2.58,-0.78%,00929
文曄,"19,973.00",2.51,-0.88%,00929
欣銓,"18,757.00",2.41,+0.62%,00929
光寶科,"17,864.00",2.36,-2.62%,00929
台積電,"1,609.00",2.30,+1.03%,00929
中美晶,"22,655.00",2.19,+0.07%,00929
聖暉*,"3,685.00",1.87,+0.61%,00929
和碩,"30,633.00",1.72,-1.65%,00929
大聯大,"32,434.00",1.68,-0.55%,00929
可成,"9,844.00",1.59,-1.31%,00929
宏,"76,163.00",1.54,-0.56%,00929
矽格,"14,323.00",1.50,-0.01%,00929
順達,"5,464.00",1.49,-0.02%,00929
譜瑞-KY,"3,496.00",1.49,+0.71%,00929
聯強,"22,932.00",1.21,-0.75%,00929
神基,"13,241.00",1.20,-0.48%,00929
家登,"3,547.00",1.15,+0.63%,00929
可寧衛*,"36,769.00",1.09,+0.58%,00929
長科*,"21,189.00",0.99,+0.66%,00929
牧德,"2,293.00",0.87,+0.36%,00929
廣明,"9,954.00",0.85,+0.40%,00929
群光,"8,594.00",0.81,-0.94%,00929
原相,"4,978.00",0.80,-0.04%,00929
瑞儀,"7,631.00",0.75,-0.38%,00929
日電貿,"9,663.00",0.72,+0.05%,00929
義隆,"7,003.00",0.66,-0.19%,00929
長華*,"15,853.00",0.59,-0.13%,00929
新普,"2,012.00",0.56,-0.69%,00929
美律,"6,841.00",0.55,-0.06%,00929
致伸,"8,518.00",0.54,+0.28%,00929
頎邦,"10,647.00",0.47,-0.31%,00929
台表科,"5,520.00",0.41,-0.18%,00929
矽創,"2,286.00",0.36,-0.08%,00929
億光,"7,368.00",0.33,+0.17%,00929
中磊,"4,046.00",0.28,-0.16%,00929
富邦媒,"1,515.00",0.23,+0.11%,00929
群電,"1,995.00",0.13,-0.64%,00929
是方,426.00,0.11,+0.03%,00929
崑鼎,210.00,0.05,+0.04%,00929
聯電,"5,419.00",8.12,+1.48%,00930
可成,"1,404.00",6.76,-0.56%,00930
中信金,"5,179.00",6.33,-0.18%,00930
國泰金,"3,270.00",5.92,-0.29%,00930
聚陽,789.00,5.79,+0.09%,00930
聯發科,123.00,5.21,+0.80%,00930
鴻海,976.00,5.17,-0.46%,00930
中美晶,"1,787.00",5.15,+0.39%,00930
富邦金,"2,305.00",5.03,-0.52%,00930
群光,"1,662.00",4.67,-0.20%,00930
廣達,659.00,4.43,-0.05%,00930
聯詠,445.00,4.01,-0.16%,00930
華碩,319.00,3.80,-0.57%,00930
瑞儀,"1,017.00",2.98,-0.18%,00930
群益證,"3,421.00",2.44,+0.39%,00930
美律,985.00,2.36,-0.05%,00930
復盛應用,357.00,2.30,+0.02%,00930
義隆,797.00,2.24,-0.12%,00930
頎邦,"1,436.00",1.89,-0.05%,00930
至上,921.00,1.87,+0.14%,00930
大江,481.00,1.75,+0.42%,00930
國產,"1,867.00",1.58,-0.19%,00930
億光,861.00,1.15,-0.04%,00930
中華,765.00,1.02,-0.11%,00930
聯陽,330.00,0.95,0.00%,00930
堤維西,625.00,0.74,+0.02%,00930
威健,987.00,0.73,-0.02%,00930
瑞鼎,130.00,0.72,-0.01%,00930
全科,690.00,0.55,+0.01%,00930
橘子,404.00,0.49,-0.04%,00930
朋億*,104.00,0.48,-0.05%,00930
勤美,614.00,0.36,-0.05%,00930
第一保,523.00,0.34,-0.02%,00930
福興,208.00,0.24,-0.03%,00930
伸興,91.00,0.21,-0.02%,00930
全台,231.00,0.13,0.00%,00930
倉和,69.00,0.11,-0.01%,00930
宏璟,144.00,0.10,-0.01%,00930
德淵,234.00,0.09,0.00%,00930
匯僑設計,28.00,0.03,-0.01%,00930
創見,511.00,4.00,+0.89%,00932
欣銓,792.00,3.71,+0.65%,00932
至上,"1,365.00",3.39,+0.22%,00932
國巨*,351.00,2.86,+0.35%,00932
聯電,"1,381.00",2.53,+0.43%,00932
華立,679.00,2.48,+0.22%,00932
大江,553.00,2.46,+0.57%,00932
日電貿,821.00,2.23,-0.28%,00932
東陽,681.00,2.19,+0.14%,00932
國泰金,958.00,2.12,-0.13%,00932
堤維西,"1,458.00",2.11,+0.03%,00932
裕民,"1,139.00",2.08,-0.06%,00932
慧洋-KY,"1,002.00",2.08,-0.03%,00932
朋億*,364.00,2.06,-0.21%,00932
聯強,"1,061.00",2.04,+0.14%,00932
正文,"2,427.00",2.03,+0.01%,00932
敬鵬,"1,813.00",2.03,+0.30%,00932
聚陽,224.00,2.01,0.00%,00932
復盛應用,245.00,1.93,-0.01%,00932
寶成,"2,148.00",1.92,-0.09%,00932
瑞智,"2,543.00",1.90,-0.06%,00932
致伸,818.00,1.89,-0.07%,00932
國產,"1,817.00",1.88,-0.26%,00932
長榮航,"1,676.00",1.84,-0.06%,00932
統一實,"3,483.00",1.83,-0.09%,00932
中美晶,517.00,1.82,+0.11%,00932
中租-KY,593.00,1.81,-0.13%,00932
長榮鋼,599.00,1.81,+0.01%,00932
美律,614.00,1.80,-0.07%,00932
和碩,870.00,1.78,-0.07%,00932
頎邦,"1,100.00",1.77,-0.08%,00932
南僑,"1,597.00",1.76,-0.19%,00932
全漢,"1,155.00",1.75,-0.15%,00932
新普,169.00,1.71,-0.17%,00932
矽創,298.00,1.71,+0.05%,00932
中華,"1,037.00",1.69,-0.20%,00932
聯陽,477.00,1.68,-0.03%,00932
勤美,"2,318.00",1.66,-0.23%,00932
義隆,483.00,1.66,-0.11%,00932
瑞儀,458.00,1.64,-0.13%,00932
群光,478.00,1.64,-0.10%,00932
億光,999.00,1.63,-0.08%,00932
志強-KY,530.00,1.58,-0.15%,00932
飛捷,583.00,1.57,-0.09%,00932
台表科,580.00,1.57,-0.15%,00932
達方,"1,720.00",1.57,-0.03%,00932
正新,"1,737.00",1.56,-0.03%,00932
宏,"2,063.00",1.52,-0.17%,00932
群電,632.00,1.50,-0.31%,00932
華碩,89.00,1.30,-0.22%,00932
國巨*,"4,279.00",11.37,+0.99%,00934
群聯,470.00,10.71,+3.59%,00934
聯發科,436.00,7.35,+0.83%,00934
廣達,"2,275.00",6.10,-0.38%,00934
長榮,"3,223.00",5.74,-0.66%,00934
亞翔,728.00,4.01,-0.19%,00934
可成,"1,922.00",3.69,-0.49%,00934
瑞昱,683.00,3.16,-0.33%,00934
華碩,623.00,2.96,-0.61%,00934
聯詠,794.00,2.85,-0.25%,00934
中租-KY,"2,541.00",2.53,-0.27%,00934
鈊象,333.00,2.28,-0.23%,00934
旭隼,264.00,2.16,-0.51%,00934
中美晶,"1,802.00",2.07,+0.07%,00934
華南金,"6,216.00",1.97,-0.04%,00934
聚陽,667.00,1.95,-0.07%,00934
萬海,"2,743.00",1.93,-0.33%,00934
瑞儀,"1,395.00",1.63,-0.18%,00934
玉晶光,350.00,1.52,-0.13%,00934
南寶,464.00,1.38,-0.15%,00934
復盛應用,510.00,1.31,-0.05%,00934
新普,387.00,1.28,-0.17%,00934
材料*-KY,"2,630.00",1.24,-0.18%,00934
崇越,388.00,1.20,+0.02%,00934
樺漢,438.00,1.19,-0.12%,00934
儒鴻,300.00,1.14,-0.07%,00934
創見,423.00,1.08,+0.21%,00934
信邦,443.00,0.99,+0.10%,00934
興富發,"2,639.00",0.94,-0.17%,00934
潤泰全,"1,861.00",0.90,-0.17%,00934
力成,358.00,0.87,+0.22%,00934
世界,466.00,0.64,+0.19%,00934
聯電,"1,054.00",0.63,+0.09%,00934
群益證,"1,969.00",0.56,+0.07%,00934
文曄,348.00,0.52,+0.02%,00934
潤弘,318.00,0.51,-0.05%,00934
中信金,"1,047.00",0.51,-0.03%,00934
慧洋-KY,709.00,0.48,-0.02%,00934
東和鋼鐵,677.00,0.45,0.00%,00934
東陽,420.00,0.44,+0.01%,00934
遠傳,506.00,0.43,-0.04%,00934
台灣大,396.00,0.40,-0.05%,00934
中保科,382.00,0.39,-0.04%,00934
國產,"1,156.00",0.39,-0.06%,00934
大聯大,633.00,0.39,0.00%,00934
三陽工業,664.00,0.38,-0.04%,00934
統一,554.00,0.38,-0.06%,00934
豐泰,358.00,0.33,-0.11%,00934
裕融,429.00,0.32,-0.06%,00934
神基,279.00,0.30,-0.04%,00934
台積電,"2,889.00",29.45,-0.42%,00935
聯發科,"1,237.00",12.50,+0.70%,00935
台達電,"1,727.00",12.10,+1.01%,00935
日月光投控,"2,685.00",4.58,+0.09%,00935
聯電,"9,572.00",3.43,+0.28%,00935
智邦,451.00,2.89,-0.68%,00935
國巨*,"1,563.00",2.49,+0.08%,00935
欣興,"1,054.00",2.29,+0.71%,00935
奇鋐,268.00,2.25,-0.44%,00935
緯創,"2,509.00",1.88,-0.64%,00935
致茂,318.00,1.79,+0.15%,00935
京元電子,912.00,1.55,+0.04%,00935
健策,86.00,1.40,-0.17%,00935
信驊,24.00,1.22,+0.03%,00935
貿聯-KY,154.00,1.15,-0.42%,00935
世芯-KY,62.00,1.11,-0.34%,00935
瑞昱,400.00,1.11,-0.19%,00935
創意,71.00,1.07,+0.06%,00935
金像電,261.00,1.05,-0.15%,00935
聯詠,478.00,1.03,-0.17%,00935
旺矽,67.00,0.97,-0.03%,00935
華通,855.00,0.83,+0.30%,00935
鈊象,199.00,0.82,-0.14%,00935
力成,562.00,0.82,+0.17%,00935
世界,862.00,0.71,+0.18%,00935
英業達,"2,515.00",0.65,-0.07%,00935
臻鼎-KY,526.00,0.59,+0.09%,00935
環球晶,207.00,0.59,+0.03%,00935
嘉澤,68.00,0.56,-0.03%,00935
光聖,53.00,0.54,+0.05%,00935
穎崴,23.00,0.52,+0.08%,00935
中美晶,479.00,0.33,-0.01%,00935
啟,301.00,0.32,+0.12%,00935
精測,17.00,0.32,+0.07%,00935
雙鴻,59.00,0.31,-0.09%,00935
祥碩,40.00,0.30,-0.02%,00935
愛普*,109.00,0.27,-0.06%,00935
華新科,306.00,0.24,0.00%,00935
信邦,179.00,0.24,+0.01%,00935
中砂,94.00,0.22,-0.03%,00935
弘塑,19.00,0.18,-0.03%,00935
譜瑞-KY,59.00,0.18,-0.05%,00935
頎邦,540.00,0.17,-0.03%,00935
佳世達,"1,106.00",0.16,-0.02%,00935
義隆,223.00,0.15,-0.02%,00935
采鈺,86.00,0.14,-0.02%,00935
精材,136.00,0.13,+0.01%,00935
長科*,360.00,0.12,+0.01%,00935
達發,44.00,0.11,-0.02%,00935
群電,129.00,0.06,-0.02%,00935
世界,"3,240.00",5.82,+2.54%,00936
南電,"1,160.00",5.64,+5.52%,00936
可寧衛*,"10,571.00",4.87,+4.80%,00936
長榮航,"9,462.00",4.43,+0.78%,00936
群光,"2,936.00",4.30,+1.37%,00936
群益證,"11,027.00",4.10,+0.62%,00936
瑞儀,"2,652.00",4.05,+1.15%,00936
聯詠,846.00,3.97,+3.78%,00936
文曄,"2,033.00",3.97,-0.74%,00936
大聯大,"4,919.00",3.96,+3.84%,00936
上海商銀,"7,927.00",3.92,+3.71%,00936
英業達,"6,745.00",3.80,+3.58%,00936
中租-KY,"2,903.00",3.78,+1.08%,00936
和碩,"4,229.00",3.69,+3.55%,00936
新普,842.00,3.64,+3.45%,00936
遠東新,"10,430.00",3.63,+0.65%,00936
技嘉,"1,227.00",3.58,+0.24%,00936
宏,"11,298.00",3.55,+3.36%,00936
神基,"2,421.00",3.41,+0.49%,00936
聚陽,879.00,3.36,-1.00%,00936
可成,"1,247.00",3.13,-0.57%,00936
東和鋼鐵,"2,613.00",2.27,-0.26%,00936
復盛應用,660.00,2.22,-1.06%,00936
國產,"4,532.00",2.00,-0.88%,00936
億光,"2,615.00",1.82,-0.08%,00936
大江,654.00,1.24,+1.18%,00936
統一實,"4,775.00",1.07,+1.00%,00936
精英,"2,346.00",0.79,+0.74%,00936
華建,"2,317.00",0.76,+0.72%,00936
建國,763.00,0.31,+0.29%,00936
京元電子,"6,201.00",7.15,+1.77%,00939
中信金,"35,305.00",7.00,+0.03%,00939
元大金,"38,820.00",6.51,+1.04%,00939
國泰金,"22,028.00",6.47,-0.42%,00939
富邦金,"16,747.00",5.93,-0.70%,00939
聯電,"22,504.00",5.47,+0.63%,00939
台新新光金,"59,825.00",5.29,+1.15%,00939
亞翔,"1,768.00",3.96,+1.24%,00939
欣銓,"5,826.00",3.62,+1.67%,00939
東元,"11,110.00",3.54,+0.38%,00939
力成,"3,406.00",3.37,+1.21%,00939
健鼎,"2,310.00",3.37,+0.68%,00939
長榮,"4,651.00",3.37,-1.56%,00939
文曄,"5,431.00",3.30,+0.03%,00939
漢唐,905.00,3.20,+0.27%,00939
矽格,"6,181.00",3.13,+1.03%,00939
凱基金,"43,236.00",3.04,+0.35%,00939
華碩,"1,154.00",2.23,-2.31%,00939
世界,"3,596.00",2.01,+0.15%,00939
瑞昱,945.00,1.78,-1.28%,00939
長榮航,"9,404.00",1.37,-0.70%,00939
陽明,"6,298.00",1.31,-1.48%,00939
神基,"2,647.00",1.16,-0.25%,00939
長榮鋼,"2,094.00",0.84,+0.38%,00939
裕民,"3,261.00",0.79,+0.30%,00939
樺漢,597.00,0.66,-0.28%,00939
中租-KY,"1,580.00",0.64,-1.37%,00939
致伸,"1,925.00",0.59,+0.14%,00939
大聯大,"1,956.00",0.49,-0.77%,00939
京鼎,416.00,0.46,-0.20%,00939
遠東新,"4,155.00",0.45,-0.32%,00939
聯詠,308.00,0.45,-0.95%,00939
和碩,"1,657.00",0.45,-0.58%,00939
群光,943.00,0.43,-0.04%,00939
晶技,"1,129.00",0.38,0.00%,00939
瑞儀,779.00,0.37,-0.04%,00939
國產,"2,549.00",0.35,-0.06%,00939
宏,"3,477.00",0.34,-0.04%,00939
正新,"2,852.00",0.34,0.00%,00939
中華,"1,480.00",0.32,-0.04%,00939
長榮,"31,310.00",6.26,-1.21%,00940
聯發科,"1,818.00",3.44,+0.74%,00940
長榮航,"81,589.00",3.28,-0.34%,00940
華航,"134,937.00",3.22,-0.03%,00940
中信金,"58,304.00",3.19,+0.17%,00940
群光,"22,264.00",2.80,-0.08%,00940
聯電,"40,552.00",2.72,+0.46%,00940
瑞昱,"4,887.00",2.54,-0.22%,00940
聯詠,"6,227.00",2.51,-0.44%,00940
寶成,"74,241.00",2.43,-0.07%,00940
鈊象,"3,131.00",2.41,-0.20%,00940
廣達,"7,974.00",2.40,-0.11%,00940
東陽,"20,135.00",2.37,+0.33%,00940
元大金,"50,783.00",2.35,+0.08%,00940
啟,"11,817.00",2.35,+0.94%,00940
大聯大,"32,264.00",2.23,+0.04%,00940
中興電,"11,981.00",2.17,+0.16%,00940
文曄,"11,689.00",1.96,+0.23%,00940
統一,"25,042.00",1.93,-0.33%,00940
富邦金,"19,445.00",1.90,-0.07%,00940
力成,"6,922.00",1.89,+0.47%,00940
漢唐,"1,916.00",1.87,-0.05%,00940
神基,"15,381.00",1.86,-0.34%,00940
和碩,"24,826.00",1.86,-0.31%,00940
統一超,"7,931.00",1.82,-0.19%,00940
華碩,"3,376.00",1.80,-0.32%,00940
信邦,"6,933.00",1.74,+0.25%,00940
亞泥,"45,788.00",1.73,-0.41%,00940
仁寶,"48,575.00",1.71,-0.07%,00940
瑞儀,"13,040.00",1.71,-0.15%,00940
玉晶光,"3,463.00",1.69,-0.02%,00940
可成,"7,656.00",1.65,-0.22%,00940
矽格,"11,736.00",1.64,+0.16%,00940
健鼎,"4,024.00",1.62,+0.17%,00940
永豐金,"52,371.00",1.61,+0.07%,00940
第一金,"50,715.00",1.57,-0.16%,00940
彰銀,"65,213.00",1.43,-0.02%,00940
致伸,"15,840.00",1.34,+0.02%,00940
樺漢,"4,258.00",1.30,-0.13%,00940
金寶,"41,661.00",1.18,+0.03%,00940
義隆,"8,985.00",1.13,-0.19%,00940
瀚宇博,"10,421.00",1.10,+0.09%,00940
廣明,"9,391.00",1.07,+0.06%,00940
美律,"9,415.00",1.01,+0.09%,00940
晶技,"10,444.00",0.97,+0.05%,00940
台表科,"8,274.00",0.82,-0.08%,00940
億光,"13,051.00",0.78,-0.14%,00940
萬海,"9,493.00",0.75,-0.48%,00940
矽創,"2,712.00",0.57,-0.01%,00940
潤泰全,"10,316.00",0.56,-0.21%,00940
亞翔,84.00,3.63,-0.01%,00944
聯電,707.00,3.32,+0.58%,00944
中信金,799.00,3.06,-0.09%,00944
矽格,311.00,3.04,+0.19%,00944
洋基工程,66.00,2.95,+0.06%,00944
台燿,76.00,2.88,-0.06%,00944
至上,443.00,2.82,+0.22%,00944
文曄,235.00,2.76,+0.24%,00944
群益證,"1,177.00",2.63,+0.42%,00944
國泰金,458.00,2.60,-0.13%,00944
健鼎,91.00,2.56,+0.28%,00944
華南金,"1,020.00",2.54,+0.06%,00944
廣達,112.00,2.36,-0.03%,00944
可寧衛*,852.00,2.36,+0.25%,00944
崇越,91.00,2.21,+0.14%,00944
富邦金,322.00,2.20,-0.22%,00944
遠傳,326.00,2.18,-0.08%,00944
可成,142.00,2.14,-0.17%,00944
長榮,151.00,2.11,-0.14%,00944
瑞昱,58.00,2.11,-0.13%,00944
台灣大,264.00,2.10,-0.15%,00944
新普,79.00,2.05,-0.18%,00944
緯創,204.00,2.00,-0.40%,00944
高技,89.00,2.00,-0.23%,00944
華碩,52.00,1.94,-0.29%,00944
兆豐金,661.00,1.93,-0.14%,00944
大成,496.00,1.90,-0.08%,00944
技嘉,105.00,1.84,-0.21%,00944
京鼎,85.00,1.82,-0.03%,00944
長華*,515.00,1.79,+0.03%,00944
台灣高鐵,865.00,1.78,-0.12%,00944
致伸,299.00,1.77,-0.03%,00944
頎邦,410.00,1.69,-0.04%,00944
卜蜂,142.00,1.59,+0.13%,00944
神基,185.00,1.57,-0.12%,00944
華擎,92.00,1.49,-0.31%,00944
長科*,339.00,1.48,+0.29%,00944
超豐,220.00,1.48,-0.06%,00944
長榮鋼,177.00,1.37,+0.02%,00944
東和鋼鐵,262.00,1.37,+0.05%,00944
台表科,195.00,1.35,-0.11%,00944
統一證,565.00,1.25,+0.19%,00944
寶雅,41.00,1.22,-0.20%,00944
矽創,82.00,1.21,+0.05%,00944
致新,55.00,1.01,+0.10%,00944
榮運,209.00,0.89,-0.06%,00944
遠百,524.00,0.87,-0.03%,00944
東洋,118.00,0.76,0.00%,00944
櫻花,89.00,0.56,-0.04%,00944
王道銀行,815.00,0.56,-0.03%,00944
聯電,"12,528.00",12.05,+2.89%,00946
世界,"3,834.00",8.48,+3.14%,00946
聯詠,"1,431.00",8.27,-0.14%,00946
瑞昱,"1,110.00",8.27,-0.20%,00946
華碩,895.00,6.84,-0.93%,00946
中美晶,"3,254.00",6.02,+0.18%,00946
和碩,"4,012.00",4.31,-0.02%,00946
可成,"1,395.00",4.31,-0.98%,00946
聯強,"3,041.00",3.07,+0.30%,00946
宏,"7,857.00",3.04,-0.26%,00946
信邦,786.00,2.83,+0.42%,00946
京鼎,530.00,2.32,-0.01%,00946
群光,"1,087.00",1.96,-0.06%,00946
瑞儀,"1,037.00",1.95,-0.09%,00946
美律,"1,196.00",1.84,-0.01%,00946
新普,297.00,1.58,-0.41%,00946
義隆,765.00,1.38,-0.67%,00946
頎邦,"1,563.00",1.32,-0.02%,00946
台表科,901.00,1.28,-0.09%,00946
致伸,"1,006.00",1.22,0.00%,00946
億光,"1,143.00",0.98,-0.02%,00946
優群,390.00,0.94,-0.05%,00946
矽創,295.00,0.89,+0.05%,00946
欣銓,354.00,0.87,+0.34%,00946
力成,197.00,0.77,+0.38%,00946
聯發科,26.00,0.71,+0.17%,00946
台虹,517.00,0.70,+0.01%,00946
瑞鼎,193.00,0.69,-0.02%,00946
聯陽,368.00,0.68,0.00%,00946
致新,179.00,0.67,+0.12%,00946
亞翔,76.00,0.67,+0.29%,00946
天鈺,291.00,0.66,0.00%,00946
僑威,674.00,0.65,-0.10%,00946
臻鼎-KY,206.00,0.62,+0.17%,00946
矽格,304.00,0.61,+0.04%,00946
敬鵬,"1,020.00",0.60,+0.10%,00946
漢唐,41.00,0.57,+0.27%,00946
茂達,130.00,0.52,+0.07%,00946
順達,86.00,0.45,0.00%,00946
奕力-KY,705.00,0.44,0.00%,00946
原相,140.00,0.43,-0.02%,00946
胡連,235.00,0.42,-0.05%,00946
崇越,82.00,0.41,+0.04%,00946
敦陽科,141.00,0.30,-0.04%,00946
神基,173.00,0.30,-0.03%,00946
威強電,264.00,0.26,+0.01%,00946
豐藝,385.00,0.26,-0.01%,00946
禾伸堂,118.00,0.19,0.00%,00946
啟,60.00,0.17,+0.08%,00946
耕興,41.00,0.11,+0.02%,00946
啟,129.00,3.45,+1.48%,00943
台星科,132.00,2.67,+0.17%,00943
聯電,260.00,2.34,+0.37%,00943
友達,"1,142.00",2.27,+0.25%,00943
致新,63.00,2.22,+0.19%,00943
翔名,110.00,2.18,+0.31%,00943
國巨*,54.00,2.16,+0.31%,00943
中美晶,123.00,2.13,+0.19%,00943
至上,172.00,2.10,+0.15%,00943
瑞鼎,62.00,2.06,+0.02%,00943
台半,223.00,2.05,+0.28%,00943
億光,255.00,2.05,-0.02%,00943
聯強,211.00,2.00,+0.18%,00943
矽創,71.00,2.00,+0.09%,00943
朋億*,71.00,1.98,-0.22%,00943
由田,127.00,1.97,+0.12%,00943
瑞儀,112.00,1.97,-0.17%,00943
華立,110.00,1.97,+0.09%,00943
中磊,155.00,1.93,+0.06%,00943
可成,67.00,1.93,-0.20%,00943
頎邦,242.00,1.92,-0.03%,00943
信錦,193.00,1.90,-0.01%,00943
飛捷,142.00,1.88,-0.08%,00943
茂訊,131.00,1.87,-0.21%,00943
長華*,280.00,1.87,+0.10%,00943
群光,110.00,1.86,-0.04%,00943
威健,418.00,1.86,-0.08%,00943
和碩,185.00,1.86,-0.06%,00943
美律,129.00,1.86,-0.04%,00943
全科,386.00,1.85,-0.01%,00943
聯詠,34.00,1.84,-0.09%,00943
新巨,252.00,1.83,-0.06%,00943
日電貿,137.00,1.83,-0.22%,00943
大聯大,197.00,1.83,+0.10%,00943
威強電,195.00,1.80,-0.08%,00943
豐藝,284.00,1.80,-0.13%,00943
新普,36.00,1.78,-0.18%,00943
優群,78.00,1.77,-0.12%,00943
廣積,291.00,1.77,-0.11%,00943
立端,180.00,1.76,-0.09%,00943
精誠,105.00,1.76,-0.17%,00943
宏,480.00,1.74,-0.05%,00943
碩天,66.00,1.73,-0.32%,00943
敦陽科,87.00,1.73,-0.23%,00943
全漢,231.00,1.72,-0.08%,00943
台表科,128.00,1.71,-0.09%,00943
微星,130.00,1.69,-0.20%,00943
力致,139.00,1.69,-0.24%,00943
群電,143.00,1.67,-0.31%,00943
僑威,182.00,1.65,-0.28%,00943
群聯,263.00,11.98,+2.49%,00947
華邦電,"4,838.00",11.90,+1.85%,00947
南亞科,"1,838.00",11.49,+2.63%,00947
聯發科,265.00,8.93,-0.50%,00947
台達電,347.00,8.10,-0.33%,00947
信驊,46.00,7.82,-0.38%,00947
創意,135.00,6.77,-0.43%,00947
旺宏,"2,770.00",4.92,+2.18%,00947
世芯-KY,62.00,3.71,-1.74%,00947
瑞昱,333.00,3.08,-1.04%,00947
聯詠,380.00,2.73,-0.84%,00947
力旺,78.00,2.73,-0.61%,00947
愛普*,207.00,1.70,-0.62%,00947
晶豪科,388.00,1.45,+0.31%,00947
祥碩,58.00,1.43,-0.34%,00947
譜瑞-KY,109.00,1.10,-0.47%,00947
智原,335.00,1.07,-0.38%,00947
原相,199.00,0.76,-0.24%,00947
矽統,632.00,0.64,-0.08%,00947
鈺創,452.00,0.53,-0.05%,00947
茂達,95.00,0.47,-0.07%,00947
義隆,183.00,0.41,-0.12%,00947
意騰-KY,44.00,0.34,-0.16%,00947
晶心科,72.00,0.33,-0.08%,00947
矽創,80.00,0.30,-0.06%,00947
安國,106.00,0.28,-0.12%,00947
偉詮電,260.00,0.26,-0.04%,00947
立積,110.00,0.25,-0.11%,00947
致新,49.00,0.23,-0.02%,00947
創惟,120.00,0.23,-0.07%,00947
神盾,101.00,0.22,-0.08%,00947
力智,54.00,0.21,-0.02%,00947
富鼎,113.00,0.20,-0.05%,00947
矽力*-KY,32.00,0.17,+0.02%,00947
盛群,145.00,0.13,+0.04%,00947
M31,9.00,0.08,+0.04%,00947
新唐,59.00,0.07,+0.03%,00947
威盛,60.00,0.06,+0.01%,00947
威鋒電子,33.00,0.05,-0.01%,00947
凌陽,119.00,0.05,0.00%,00947
天鈺,18.00,0.05,0.00%,00947
聯陽,22.00,0.05,-0.02%,00947
凌陽創新,22.00,0.05,-0.01%,00947
鈺太,14.00,0.05,+0.01%,00947
金麗科,18.00,0.05,-0.01%,00947
昇佳電子,14.00,0.05,-0.01%,00947
奕力-KY,64.00,0.05,+0.01%,00947
敦泰,39.00,0.04,-0.02%,00947
瑞鼎,9.00,0.04,-0.04%,00947
達發,4.00,0.03,-0.03%,00947
創意,56.00,4.93,+0.86%,00952
聯電,"2,269.00",4.76,+0.76%,00952
台積電,72.00,4.30,+0.37%,00952
英業達,"2,472.00",3.74,-0.03%,00952
奇鋐,76.00,3.73,-0.20%,00952
廣達,366.00,3.45,-0.24%,00952
穩懋,419.00,3.30,+0.54%,00952
威剛,260.00,3.18,+0.69%,00952
鴻海,428.00,3.17,-0.44%,00952
緯創,720.00,3.16,-0.85%,00952
技嘉,402.00,3.15,-0.51%,00952
啟,495.00,3.08,+1.26%,00952
緯穎,25.00,3.00,-0.84%,00952
世界,533.00,2.57,+0.78%,00952
創見,258.00,2.31,+0.55%,00952
台燿,126.00,2.13,-0.17%,00952
信邦,248.00,1.95,+0.23%,00952
崇越,174.00,1.89,+0.09%,00952
光洋科,866.00,1.86,-0.21%,00952
愛普*,127.00,1.83,-0.13%,00952
祥碩,42.00,1.82,+0.08%,00952
雙鴻,55.00,1.68,-0.22%,00952
台星科,309.00,1.45,+0.03%,00952
神達,539.00,1.43,-0.26%,00952
事欣科,659.00,1.42,+0.08%,00952
譜瑞-KY,79.00,1.40,-0.30%,00952
帆宣,143.00,1.37,+0.02%,00952
台虹,464.00,1.37,-0.08%,00952
鼎炫-KY,132.00,1.32,-0.21%,00952
營邦,103.00,1.31,+0.32%,00952
建準,272.00,1.31,-0.31%,00952
達運,"2,963.00",1.28,-0.01%,00952
台特化,109.00,1.17,-0.01%,00952
華泰,568.00,1.11,-0.05%,00952
昇陽半導體,195.00,1.11,-0.18%,00952
亞信,329.00,1.06,-0.15%,00952
新漢,423.00,1.04,-0.08%,00952
樺漢,109.00,1.04,-0.03%,00952
達發,71.00,1.04,-0.04%,00952
巨有科技,216.00,1.03,-0.06%,00952
神準,227.00,1.03,-0.04%,00952
京鼎,108.00,1.03,0.00%,00952
新巨,603.00,1.02,-0.12%,00952
康普,431.00,0.98,-0.06%,00952
鴻呈,252.00,0.98,-0.14%,00952
是方,88.00,0.95,-0.18%,00952
力致,325.00,0.92,-0.20%,00952
全漢,525.00,0.91,-0.07%,00952
僑威,413.00,0.87,-0.20%,00952
海韻電,363.00,0.79,-0.11%,00952
長榮,616.00,7.53,-0.69%,00961
陽明,"1,735.00",6.09,-0.69%,00961
群創,"3,398.00",4.87,+0.80%,00961
大同,"1,760.00",4.50,+0.60%,00961
聯電,975.00,4.00,+0.63%,00961
瑞儀,476.00,3.82,-0.32%,00961
群光,478.00,3.68,-0.25%,00961
世界,381.00,3.59,+1.13%,00961
長榮航,"1,399.00",3.44,-0.15%,00961
聯強,741.00,3.19,+0.18%,00961
力成,188.00,3.14,+0.86%,00961
正新,"1,541.00",3.10,-0.09%,00961
聯詠,120.00,2.96,-0.20%,00961
凱基金,"2,335.00",2.77,-0.06%,00961
和碩,598.00,2.74,-0.14%,00961
中租-KY,398.00,2.72,-0.23%,00961
寶成,"1,304.00",2.61,-0.15%,00961
聚陽,129.00,2.59,-0.01%,00961
遠東新,"1,390.00",2.54,-0.17%,00961
亞泥,"1,073.00",2.48,-0.32%,00961
文曄,239.00,2.45,+0.14%,00961
興富發,994.00,2.43,-0.38%,00961
宏,"1,455.00",2.40,-0.29%,00961
華碩,73.00,2.38,-0.47%,00961
仁寶,"1,096.00",2.36,+0.02%,00961
瑞昱,72.00,2.29,-0.20%,00961
大聯大,542.00,2.29,+0.07%,00961
廣達,124.00,2.28,-0.14%,00961
可成,172.00,2.27,-0.25%,00961
微星,314.00,1.86,-0.26%,00961
台積電,322.00,32.14,+2.22%,00938
富邦金,"1,661.00",8.49,-1.03%,00938
中信金,"2,897.00",8.29,-0.40%,00938
國泰金,"1,585.00",6.72,-0.50%,00938
元大金,"2,218.00",5.37,+0.16%,00938
玉山金,"2,598.00",4.88,-0.32%,00938
永豐金,"2,898.00",4.66,-0.27%,00938
瑞昱,122.00,3.32,-0.38%,00938
聯詠,150.00,3.16,-0.09%,00938
長榮航,"1,203.00",2.53,-0.08%,00938
中租-KY,402.00,2.35,-0.02%,00938
上海商銀,982.00,2.18,+0.36%,00938
聯強,358.00,1.32,+0.15%,00938
華航,"1,025.00",1.28,+0.04%,00938
群光,170.00,1.12,+0.03%,00938
矽格,131.00,0.96,+0.01%,00938
潤泰新,587.00,0.95,-0.05%,00938
崇越,51.00,0.93,+0.01%,00938
可寧衛*,314.00,0.65,+0.18%,00938
大成,213.00,0.61,-0.06%,00938
東和鋼鐵,151.00,0.59,+0.04%,00938
宏全,84.00,0.57,-0.06%,00938
統一證,333.00,0.55,+0.05%,00938
華立,76.00,0.53,+0.02%,00938
中保科,83.00,0.50,-0.06%,00938
卜蜂,57.00,0.48,+0.01%,00938
寶雅,19.00,0.42,-0.10%,00938
裕融,94.00,0.41,-0.09%,00938
台表科,75.00,0.39,0.00%,00938
統一實,308.00,0.31,-0.03%,00938
鴻海,205.00,7.37,-0.85%,00962
東元,475.00,6.33,-0.58%,00962
緯創,267.00,5.68,-1.31%,00962
亞德客-KY,28.00,5.20,+0.85%,00962
士電,101.00,3.77,+0.83%,00962
世界,161.00,3.77,+1.20%,00962
廣達,82.00,3.74,-0.12%,00962
聯發科,13.00,3.73,+0.73%,00962
聖暉*,36.00,3.70,-0.96%,00962
啟,118.00,3.56,+1.56%,00962
欣銓,131.00,3.41,+0.74%,00962
遠傳,210.00,3.04,-0.19%,00962
華碩,37.00,2.99,-0.37%,00962
祥碩,14.00,2.94,+0.21%,00962
技嘉,74.00,2.81,-0.41%,00962
英業達,380.00,2.79,-0.04%,00962
研華,55.00,2.69,-0.10%,00962
譜瑞-KY,23.00,1.98,-0.28%,00962
南茂,194.00,1.90,+0.31%,00962
金寶,428.00,1.84,+0.22%,00962
建準,74.00,1.72,-0.35%,00962
佳世達,416.00,1.71,+0.01%,00962
義隆,86.00,1.64,-0.12%,00962
微星,110.00,1.62,-0.19%,00962
原相,38.00,1.24,-0.17%,00962
萬潤,20.00,1.24,+0.07%,00962
樺漢,26.00,1.20,0.00%,00962
宏,291.00,1.19,-0.14%,00962
美律,71.00,1.16,-0.05%,00962
精誠,54.00,1.02,-0.10%,00962
和泰車,11.00,0.98,0.00%,00962
超豐,65.00,0.95,-0.06%,00962
中磊,66.00,0.92,0.00%,00962
零壹,40.00,0.73,-0.09%,00962
群翊,16.00,0.73,-0.04%,00962
裕隆,119.00,0.60,-0.09%,00962
華晶科,89.00,0.57,-0.06%,00962
敦泰,62.00,0.54,-0.02%,00962
聯詠,8.00,0.49,+0.01%,00962
普安,74.00,0.42,0.00%,00962
中保科,23.00,0.40,0.00%,00962
佳邦,28.00,0.38,0.00%,00962
敦陽科,17.00,0.38,-0.03%,00962
緯軟,18.00,0.36,0.00%,00962
綠界科技*,38.00,0.33,-0.05%,00962
是方,6.00,0.31,-0.05%,00962
泰博,9.00,0.20,+0.02%,00962
訊連,14.00,0.19,-0.01%,00962
群電,13.00,0.17,-0.02%,00962
91APP*-KY,9.00,0.10,-0.01%,00962
台積電,447.00,43.23,+1.56%,009803
台達電,94.00,6.25,+0.78%,009803
鴻海,423.00,5.08,-0.80%,009803
聯發科,42.00,4.03,+0.44%,009803
日月光投控,147.00,2.38,+0.16%,009803
致茂,41.00,2.19,+0.29%,009803
國巨*,143.00,2.16,+0.17%,009803
京元電子,132.00,2.13,+0.16%,009803
華城,40.00,2.11,+0.24%,009803
奇鋐,24.00,1.91,-0.26%,009803
富邦金,363.00,1.80,-0.31%,009803
中信金,642.00,1.78,-0.16%,009803
台光電,18.00,1.71,-0.06%,009803
金像電,43.00,1.64,-0.13%,009803
永豐金,962.00,1.50,-0.16%,009803
勤誠,29.00,1.43,-0.31%,009803
貿聯-KY,20.00,1.42,-0.49%,009803
穎崴,6.00,1.28,+0.26%,009803
光聖,13.00,1.26,+0.20%,009803
富世達,16.00,1.24,-0.41%,009803
緯穎,6.00,1.17,-0.44%,009803
智邦,15.00,0.91,-0.22%,009803
廣達,57.00,0.87,-0.07%,009803
川湖,5.00,0.86,-0.26%,009803
可寧衛*,429.00,0.86,+0.04%,009803
美時,43.00,0.85,+0.12%,009803
國泰金,207.00,0.85,-0.09%,009803
藥華藥,20.00,0.84,+0.25%,009803
光寶科,77.00,0.69,-0.06%,009803
緯創,70.00,0.50,-0.14%,009803
聯電,118.00,0.40,+0.05%,009803
健鼎,19.00,0.39,+0.03%,009803
世芯-KY,1.00,0.17,-0.04%,009803
漢唐,3.00,0.15,-0.02%,009803
大立光,1.00,0.13,-0.02%,009803
雄獅,13.00,0.12,-0.01%,009803
東和鋼鐵,29.00,0.11,0.00%,009803
嘉澤,1.00,0.08,0.00%,009803
文曄,9.00,0.08,+0.01%,009803
玉山金,38.00,0.07,-0.01%,009803
臻鼎-KY,7.00,0.07,0.00%,009803
AES-KY,1.00,0.06,-0.02%,009803
亞德客-KY,1.00,0.06,0.00%,009803
台灣大,10.00,0.06,0.00%,009803
智易,6.00,0.06,0.00%,009803
崇越,3.00,0.05,0.00%,009803
瑞昱,2.00,0.05,-0.01%,009803
技嘉,4.00,0.05,-0.01%,009803
聯詠,2.00,0.04,0.00%,009803
華碩,1.00,0.03,0.00%,009803
台達電,910.00,15.88,+2.14%,009802
鴻海,"4,705.00",14.84,-2.17%,009802
聯發科,538.00,13.54,+1.48%,009802
日月光投控,991.00,4.21,+0.31%,009802
智邦,256.00,4.08,-0.68%,009802
富邦金,"2,915.00",3.79,-0.61%,009802
中信金,"4,725.00",3.44,-0.28%,009802
台新新光金,"9,362.00",3.04,+0.04%,009802
元大金,"4,580.00",2.82,-0.01%,009802
國泰金,"2,392.00",2.58,-0.27%,009802
玉山金,"5,086.00",2.43,-0.27%,009802
景碩,666.00,2.40,+0.74%,009802
創見,525.00,2.00,+0.39%,009802
健鼎,343.00,1.84,+0.12%,009802
士電,543.00,1.78,+0.33%,009802
研華,364.00,1.56,-0.08%,009802
中砂,267.00,1.55,-0.11%,009802
元太,611.00,1.53,-0.37%,009802
光寶科,644.00,1.51,-0.14%,009802
亞翔,184.00,1.51,-0.07%,009802
友達,"6,762.00",1.33,+0.03%,009802
洋基工程,149.00,1.26,-0.05%,009802
采鈺,292.00,1.19,-0.12%,009802
統一,"1,092.00",1.12,-0.20%,009802
環球晶,148.00,1.05,+0.11%,009802
譜瑞-KY,131.00,0.99,-0.21%,009802
群光,400.00,0.67,-0.07%,009802
瑞儀,372.00,0.65,-0.08%,009802
樺漢,150.00,0.61,-0.06%,009802
啟,208.00,0.55,+0.23%,009802
材料*-KY,667.00,0.47,-0.07%,009802
國票金,"1,926.00",0.46,-0.04%,009802
嘉澤,21.00,0.43,0.00%,009802
達發,66.00,0.41,-0.04%,009802
合庫金,"1,217.00",0.41,-0.05%,009802
聚陽,92.00,0.40,-0.01%,009802
裕民,157.00,0.14,-0.01%,009802
鴻準,122.00,0.10,-0.02%,009802
裕融,72.00,0.08,-0.02%,009802
寶成,138.00,0.06,-0.01%,009802
玉晶光,8.00,0.05,0.00%,009802
群益證,71.00,0.03,0.00%,009802
崇越,6.00,0.03,0.00%,009802
東陽,19.00,0.03,0.00%,009802
遠東新,50.00,0.02,-0.01%,009802
技嘉,6.00,0.02,0.00%,009802
臺企銀,91.00,0.02,-0.01%,009802
新普,4.00,0.02,-0.01%,009802
中保科,13.00,0.02,0.00%,009802
潤泰新,49.00,0.02,-0.01%,009802
台積電,313.00,32.08,+1.69%,009804
鴻海,580.00,7.39,-0.99%,009804
聯發科,70.00,7.11,+0.84%,009804
台達電,92.00,6.48,+0.94%,009804
日月光投控,156.00,2.68,+0.23%,009804
中信金,839.00,2.47,-0.17%,009804
富邦金,396.00,2.08,-0.31%,009804
廣達,125.00,2.03,-0.11%,009804
聯電,554.00,2.00,+0.29%,009804
國泰金,445.00,1.94,-0.18%,009804
智邦,24.00,1.52,-0.23%,009804
玉山金,730.00,1.41,-0.13%,009804
中華電,181.00,1.40,-0.08%,009804
台新新光金,"1,036.00",1.36,+0.04%,009804
台光電,13.00,1.35,-0.03%,009804
奇鋐,15.00,1.30,-0.16%,009804
元大金,518.00,1.29,+0.01%,009804
兆豐金,562.00,1.26,-0.15%,009804
國巨*,74.00,1.18,+0.11%,009804
緯創,143.00,1.08,-0.28%,009804
南亞,235.00,1.03,+0.15%,009804
緯穎,5.00,1.02,-0.36%,009804
南亞科,54.00,1.01,+0.36%,009804
致茂,17.00,0.99,+0.14%,009804
統一,234.00,0.97,-0.16%,009804
永豐金,568.00,0.94,-0.08%,009804
華碩,32.00,0.93,-0.19%,009804
光寶科,93.00,0.88,-0.07%,009804
第一金,516.00,0.86,-0.09%,009804
華南金,444.00,0.85,-0.01%,009804
凱基金,747.00,0.78,-0.03%,009804
世芯-KY,4.00,0.68,-0.15%,009804
合庫金,499.00,0.68,-0.08%,009804
健策,4.00,0.65,-0.03%,009804
中鋼,542.00,0.65,+0.01%,009804
瑞昱,23.00,0.65,-0.06%,009804
貿聯-KY,9.00,0.64,-0.17%,009804
大立光,5.00,0.64,-0.07%,009804
聯詠,27.00,0.59,-0.05%,009804
長榮,52.00,0.56,-0.06%,009804
台塑,201.00,0.55,+0.06%,009804
川湖,3.00,0.49,-0.14%,009804
康霈*,47.00,0.45,-0.01%,009804
遠傳,84.00,0.43,-0.04%,009804
和泰車,13.00,0.42,-0.04%,009804
台灣大,67.00,0.41,-0.05%,009804
研華,22.00,0.38,-0.01%,009804
統一超,25.00,0.31,-0.04%,009804
萬海,66.00,0.28,-0.05%,009804
台塑化,55.00,0.17,0.00%,009804
台積電,514.00,9.41,+0.88%,00980A
台達電,373.00,4.70,+1.71%,00980A
鴻海,"1,683.00",3.83,-0.33%,00980A
聯發科,203.00,3.69,+1.00%,00980A
華邦電,"2,240.00",2.97,+0.99%,00980A
金像電,406.00,2.94,-0.05%,00980A
奇鋐,188.00,2.83,-0.21%,00980A
川湖,79.00,2.56,-0.63%,00980A
中信金,"4,817.00",2.53,-0.44%,00980A
南亞科,742.00,2.50,+0.68%,00980A
緯穎,67.00,2.47,-0.73%,00980A
廣達,845.00,2.44,+0.30%,00980A
勤誠,248.00,2.32,-0.35%,00980A
富邦金,"2,377.00",2.23,-0.22%,00980A
光聖,117.00,2.15,-0.05%,00980A
台光電,117.00,2.11,+0.06%,00980A
智邦,180.00,2.07,-0.89%,00980A
貿聯-KY,151.00,2.02,-0.43%,00980A
華城,196.00,1.96,+0.96%,00980A
健鼎,505.00,1.95,+0.24%,00980A
台燿,368.00,1.91,-0.65%,00980A
高技,611.00,1.88,-0.20%,00980A
致茂,182.00,1.84,+0.33%,00980A
健策,62.00,1.82,0.00%,00980A
玉山金,"5,223.00",1.80,-0.09%,00980A
旺矽,67.00,1.74,-0.22%,00980A
文曄,"1,013.00",1.63,+0.15%,00980A
緯創,"1,158.00",1.56,+0.02%,00980A
穎崴,37.00,1.49,+0.36%,00980A
富世達,97.00,1.43,-0.26%,00980A
京元電子,458.00,1.40,+0.18%,00980A
精測,35.00,1.19,+0.33%,00980A
達興材料,324.00,1.10,-0.10%,00980A
大成鋼,"2,540.00",1.03,+0.06%,00980A
亞德客-KY,85.00,1.00,+0.15%,00980A
鈊象,135.00,1.00,+0.50%,00980A
崇越,276.00,0.92,+0.60%,00980A
新應材,90.00,0.80,-0.05%,00980A
凡甲,304.00,0.78,+0.16%,00980A
致伸,948.00,0.77,-0.01%,00980A
新普,213.00,0.76,+0.29%,00980A
技嘉,312.00,0.75,+0.26%,00980A
東元,877.00,0.74,-0.05%,00980A
寶雅,171.00,0.70,+0.08%,00980A
世芯-KY,17.00,0.55,+0.26%,00980A
瑞昱,108.00,0.54,-0.03%,00980A
振樺電,271.00,0.50,+0.16%,00980A
南俊國際,158.00,0.48,-0.11%,00980A
宏資訊,132.00,0.28,-0.02%,00980A
順達,52.00,0.18,0.00%,00980A
是方,51.00,0.17,-0.03%,00980A
台積電,207.00,37.28,+1.88%,009808
鴻海,316.00,7.07,-0.98%,009808
聯發科,39.00,6.96,+0.83%,009808
台達電,55.00,6.81,+0.95%,009808
日月光投控,85.00,2.56,+0.21%,009808
富邦金,263.00,2.43,-0.36%,009808
中信金,463.00,2.39,-0.18%,009808
廣達,71.00,2.02,-0.12%,009808
國泰金,254.00,1.94,-0.18%,009808
聯電,305.00,1.93,+0.27%,009808
中華電,132.00,1.79,-0.11%,009808
智邦,14.00,1.58,-0.19%,009808
元大金,332.00,1.45,+0.01%,009808
台光電,8.00,1.42,-0.06%,009808
玉山金,413.00,1.40,-0.14%,009808
緯穎,3.00,1.09,-0.25%,009808
長榮,51.00,0.96,-0.12%,009808
永豐金,331.00,0.96,-0.09%,009808
緯創,72.00,0.95,-0.25%,009808
光寶科,55.00,0.92,-0.07%,009808
華南金,274.00,0.92,-0.02%,009808
華碩,18.00,0.91,-0.18%,009808
統一,124.00,0.90,-0.16%,009808
凱基金,437.00,0.80,-0.03%,009808
台灣大,58.00,0.62,-0.07%,009808
瑞昱,12.00,0.59,-0.09%,009808
遠傳,64.00,0.58,-0.05%,009808
聯詠,15.00,0.57,-0.03%,009808
華城,6.00,0.56,+0.13%,009808
藥華藥,7.00,0.54,+0.17%,009808
大立光,2.00,0.49,-0.26%,009808
台泥,179.00,0.48,+0.01%,009808
長榮航,121.00,0.46,-0.02%,009808
健鼎,12.00,0.46,+0.02%,009808
萬海,60.00,0.45,-0.08%,009808
中租-KY,40.00,0.42,-0.04%,009808
和碩,52.00,0.37,-0.03%,009808
仁寶,108.00,0.36,0.00%,009808
英業達,79.00,0.36,-0.02%,009808
亞德客-KY,3.00,0.35,+0.07%,009808
陽明,63.00,0.34,-0.04%,009808
技嘉,13.00,0.31,-0.06%,009808
統一超,14.00,0.30,-0.05%,009808
嘉澤,2.00,0.29,+0.03%,009808
亞泥,67.00,0.24,-0.03%,009808
寶成,71.00,0.22,-0.01%,009808
大同,53.00,0.21,+0.03%,009808
群光,16.00,0.19,-0.02%,009808
微星,17.00,0.16,-0.02%,009808
正新,48.00,0.15,-0.01%,009808
台積電,"1,445.00",9.42,+0.45%,00982A
群聯,840.00,7.34,+3.85%,00982A
聖暉*,"2,412.00",5.58,-0.62%,00982A
緯穎,385.00,5.05,-1.51%,00982A
亞翔,"2,013.00",4.25,+1.56%,00982A
欣銓,"6,504.00",3.81,+0.83%,00982A
鴻勁,263.00,3.62,+2.47%,00982A
智邦,713.00,2.92,-1.72%,00982A
致茂,786.00,2.83,-0.78%,00982A
台達電,632.00,2.83,+0.56%,00982A
矽格,"5,865.00",2.80,+0.24%,00982A
台光電,428.00,2.74,+0.07%,00982A
奇鋐,509.00,2.73,-4.09%,00982A
旺矽,275.00,2.54,N/A,00982A
超豐,"7,614.00",2.50,-0.02%,00982A
京元電子,"2,291.00",2.49,-0.94%,00982A
文曄,"4,189.00",2.40,+0.23%,00982A
昇達科,547.00,2.20,+0.91%,00982A
聯發科,319.00,2.06,+1.95%,00982A
台燿,"1,093.00",2.02,+0.47%,00982A
高技,"1,800.00",1.97,-0.19%,00982A
貿聯-KY,400.00,1.91,-0.39%,00982A
臻鼎-KY,"2,632.00",1.89,+1.18%,00982A
川湖,155.00,1.79,-0.42%,00982A
興勤,"2,837.00",1.74,-0.13%,00982A
建準,"2,970.00",1.56,-0.30%,00982A
富世達,289.00,1.51,-1.76%,00982A
大立光,169.00,1.50,+0.93%,00982A
楠梓電,"3,830.00",1.38,-0.12%,00982A
漢唐,363.00,1.21,+0.01%,00982A
光洋科,"4,219.00",0.99,-0.01%,00982A
裕民,"4,202.00",0.96,N/A,00982A
宜鼎,267.00,0.78,+0.22%,00982A
立隆電,"1,916.00",0.76,-0.68%,00982A
金居,779.00,0.75,0.00%,00982A
台半,"1,755.00",0.41,N/A,00982A
國巨*,373.00,0.38,+0.08%,00982A
金像電,144.00,0.37,-2.36%,00982A
創見,368.00,0.36,-1.61%,00982A
日月光投控,321.00,0.35,-0.15%,00982A
強茂,"1,024.00",0.34,+0.05%,00982A
雙鴻,99.00,0.33,-0.04%,00982A
勤誠,96.00,0.32,-0.04%,00982A
緯創,605.00,0.29,-1.78%,00982A
新日興,363.00,0.28,N/A,00982A
藥華藥,99.00,0.28,+0.12%,00982A
百和,"1,470.00",0.27,+0.01%,00982A
億豐,147.00,0.23,+0.05%,00982A
保瑞,99.00,0.22,+0.05%,00982A
達麗,"1,217.00",0.21,-0.12%,00982A
高力,77.00,0.21,+0.05%,00982A
信驊,6.00,0.20,N/A,00982A
元大金,"1,138.00",0.18,+0.03%,00982A
力旺,22.00,0.15,+0.14%,00982A
南電,105.00,0.15,N/A,00982A
東陽,348.00,0.14,+0.02%,00982A
振大環球,64.00,0.06,+0.01%,00982A
志強-KY,54.00,0.02,N/A,00982A
創意,1.00,0.01,-0.36%,00982A
華固,26.00,0.01,0.00%,00982A
台積電,"2,914.00",9.62,-0.07%,00981A
群聯,"1,909.00",8.45,+5.67%,00981A
台達電,"3,093.00",7.02,+2.18%,00981A
奇鋐,"2,290.00",6.22,-0.19%,00981A
智邦,"2,526.00",5.24,-0.31%,00981A
台燿,"5,397.00",5.05,+0.31%,00981A
健策,916.00,4.84,+0.79%,00981A
緯穎,722.00,4.80,-1.37%,00981A
旺矽,962.00,4.50,-0.31%,00981A
台光電,"1,352.00",4.39,-2.27%,00981A
金像電,"2,799.00",3.65,-2.13%,00981A
貿聯-KY,"1,485.00",3.59,-1.04%,00981A
國巨*,"6,548.00",3.38,N/A,00981A
信驊,174.00,2.87,+0.94%,00981A
南電,"3,792.00",2.74,N/A,00981A
富世達,"1,015.00",2.69,-0.52%,00981A
世芯-KY,458.00,2.66,-0.18%,00981A
勤誠,"1,562.00",2.63,-0.32%,00981A
亞翔,"1,608.00",1.72,N/A,00981A
欣興,"2,358.00",1.66,N/A,00981A
穎崴,224.00,1.63,+1.36%,00981A
金居,"1,826.00",0.89,-0.03%,00981A
富喬,"4,451.00",0.76,N/A,00981A
精測,124.00,0.76,+0.75%,00981A
環球晶,768.00,0.71,N/A,00981A
嘉澤,263.00,0.70,+0.05%,00981A
精成科,"3,221.00",0.65,-0.04%,00981A
東陽,"2,553.00",0.52,+0.22%,00981A
台化,"5,585.00",0.44,N/A,00981A
祥碩,171.00,0.41,N/A,00981A
順達,572.00,0.36,-0.01%,00981A
新日興,717.00,0.28,N/A,00981A
川湖,39.00,0.23,-1.50%,00981A
台玻,"2,117.00",0.19,N/A,00981A
中鋼,"4,923.00",0.19,N/A,00981A
華星光,323.00,0.19,N/A,00981A
優群,309.00,0.09,-0.01%,00981A
大立光,2.00,0.01,N/A,00981A
台積電,115.00,4.97,-0.06%,00984A
聯電,"2,292.00",3.48,+0.56%,00984A
國泰金,"1,891.00",3.47,-0.29%,00984A
富邦金,"1,483.00",3.28,-0.53%,00984A
中信金,"2,503.00",3.10,-0.43%,00984A
廣達,448.00,3.05,-0.27%,00984A
元大金,"2,616.00",2.74,-0.08%,00984A
台灣大,"1,001.00",2.57,-0.27%,00984A
台新新光金,"4,598.00",2.54,-0.18%,00984A
華南金,"2,831.00",2.28,-0.09%,00984A
群聯,39.00,2.26,+0.47%,00984A
華邦電,678.00,2.12,+0.54%,00984A
文曄,548.00,2.08,+0.28%,00984A
遠傳,861.00,1.86,-0.08%,00984A
凱基金,"4,121.00",1.81,-0.05%,00984A
南亞科,213.00,1.69,-0.39%,00984A
日月光投控,219.00,1.58,+0.56%,00984A
京元電子,218.00,1.57,+1.16%,00984A
瑞昱,133.00,1.56,-0.12%,00984A
亞泥,"1,824.00",1.56,+0.30%,00984A
國巨*,215.00,1.45,+0.06%,00984A
寶成,"1,889.00",1.40,+0.35%,00984A
遠東新,"1,996.00",1.35,-0.05%,00984A
仁寶,"1,669.00",1.33,+0.11%,00984A
威剛,150.00,1.33,+0.10%,00984A
創意,19.00,1.21,+0.65%,00984A
力積電,715.00,1.21,+0.76%,00984A
群益證,"1,577.00",1.14,+0.23%,00984A
AES-KY,39.00,1.08,+0.44%,00984A
欣銓,271.00,1.05,+0.60%,00984A
緯穎,12.00,1.04,-0.01%,00984A
宜鼎,53.00,1.02,+0.12%,00984A
創見,156.00,1.01,+0.16%,00984A
南茂,655.00,0.96,+0.54%,00984A
可寧衛*,972.00,0.87,N/A,00984A
旺宏,385.00,0.87,+0.41%,00984A
貿聯-KY,25.00,0.79,N/A,00984A
長榮,150.00,0.68,-0.07%,00984A
超豐,303.00,0.66,+0.29%,00984A
台達電,22.00,0.65,-0.57%,00984A
台燿,51.00,0.62,-0.12%,00984A
華碩,50.00,0.60,-0.09%,00984A
統一超,115.00,0.60,+0.02%,00984A
聯詠,65.00,0.59,N/A,00984A
長榮航,648.00,0.59,-0.06%,00984A
昇達科,22.00,0.59,+0.09%,00984A
和碩,330.00,0.56,N/A,00984A
華東,280.00,0.54,-0.05%,00984A
華航,981.00,0.53,-0.05%,00984A
大聯大,320.00,0.50,+0.05%,00984A
可成,98.00,0.48,-0.13%,00984A
聯強,301.00,0.48,N/A,00984A
南亞,260.00,0.48,-0.30%,00984A
長科*,333.00,0.47,+0.05%,00984A
福懋科,244.00,0.47,-0.15%,00984A
致茂,19.00,0.45,N/A,00984A
群創,848.00,0.45,-0.04%,00984A
大成鋼,460.00,0.44,N/A,00984A
定穎投控,124.00,0.43,N/A,00984A
尖點,82.00,0.41,N/A,00984A
台虹,187.00,0.40,-0.02%,00984A
洋基工程,28.00,0.40,N/A,00984A
精測,5.00,0.40,-0.27%,00984A
緯創,126.00,0.40,-0.08%,00984A
永豐金,560.00,0.39,N/A,00984A
長榮鋼,152.00,0.38,N/A,00984A
聚陽,51.00,0.38,+0.02%,00984A
勝一,109.00,0.38,N/A,00984A
台光電,9.00,0.38,-0.39%,00984A
群光,133.00,0.38,-0.08%,00984A
亞翔,27.00,0.38,-0.56%,00984A
旺矽,6.00,0.37,N/A,00984A
台特化,46.00,0.36,-0.04%,00984A
昱展新藥,52.00,0.34,-0.11%,00984A
兆聯實業,20.00,0.34,N/A,00984A
良維,86.00,0.33,-0.05%,00984A
神達,172.00,0.33,N/A,00984A
勤誠,15.00,0.33,N/A,00984A
統一證,461.00,0.33,+0.05%,00984A
建準,92.00,0.32,-0.05%,00984A
南俊國際,45.00,0.32,N/A,00984A
至上,151.00,0.31,0.00%,00984A
中砂,31.00,0.31,N/A,00984A
華立,102.00,0.31,+0.01%,00984A
東和鋼鐵,178.00,0.30,+0.03%,00984A
長華*,258.00,0.29,0.00%,00984A
福懋,691.00,0.28,-0.01%,00984A
中再保,433.00,0.28,-0.02%,00984A
慧洋-KY,163.00,0.28,-0.03%,00984A
王道銀行,"1,215.00",0.27,-0.02%,00984A
遠百,503.00,0.27,0.00%,00984A
統一實,620.00,0.27,-0.01%,00984A
原相,54.00,0.26,-0.01%,00984A
新產,95.00,0.26,-0.03%,00984A
國建,483.00,0.26,-0.04%,00984A
佳格,340.00,0.24,-0.05%,00984A
信邦,39.00,0.22,+0.03%,00984A
保瑞,15.00,0.22,N/A,00984A
健策,3.00,0.21,N/A,00984A
華票,531.00,0.21,-0.09%,00984A
美時,23.00,0.20,-0.71%,00984A
佳世達,326.00,0.20,N/A,00984A
智易,43.00,0.19,N/A,00984A
致伸,99.00,0.19,N/A,00984A
大國鋼,227.00,0.19,N/A,00984A
中保科,69.00,0.18,N/A,00984A
世紀鋼,54.00,0.18,N/A,00984A
瑞儀,61.00,0.18,-0.03%,00984A
元大期,79.00,0.18,-0.12%,00984A
樺漢,26.00,0.18,-0.01%,00984A
宏,295.00,0.18,-0.26%,00984A
三陽工業,124.00,0.18,N/A,00984A
潤泰全,138.00,0.17,-0.04%,00984A
智邦,6.00,0.16,N/A,00984A
寶雅,17.00,0.16,-0.03%,00984A
聯發科,3.00,0.13,N/A,00984A
鴻海,11.00,0.06,-0.13%,00984A
健鼎,5.00,0.05,N/A,00984A
玉晶光,2.00,0.02,N/A,00984A
台積電,887.00,20.27,+0.02%,00985A
華新,"7,373.00",4.13,+2.69%,00985A
華通,"1,576.00",3.43,+1.90%,00985A
中華電,"1,844.00",3.17,+0.13%,00985A
聯發科,140.00,3.17,-0.50%,00985A
文曄,"1,434.00",2.88,+1.17%,00985A
遠傳,"2,221.00",2.54,+0.79%,00985A
研華,627.00,2.42,N/A,00985A
富邦金,"2,050.00",2.40,-0.79%,00985A
穎崴,44.00,2.21,-0.27%,00985A
台達電,139.00,2.18,-0.08%,00985A
新應材,184.00,2.04,+1.04%,00985A
欣興,386.00,1.88,+0.99%,00985A
日月光投控,492.00,1.88,+0.92%,00985A
智邦,131.00,1.88,-1.26%,00985A
鈊象,202.00,1.86,-0.56%,00985A
鴻海,630.00,1.79,-0.85%,00985A
嘉澤,93.00,1.71,+1.62%,00985A
中信金,"2,594.00",1.70,-0.19%,00985A
奇鋐,80.00,1.50,-0.26%,00985A
台光電,66.00,1.48,+0.09%,00985A
聚陽,346.00,1.36,+0.49%,00985A
南亞科,314.00,1.32,-5.53%,00985A
環球晶,206.00,1.32,+0.55%,00985A
光聖,57.00,1.31,+0.38%,00985A
金像電,135.00,1.22,-0.23%,00985A
國巨*,336.00,1.20,+0.56%,00985A
致茂,94.00,1.19,+0.29%,00985A
健策,32.00,1.17,-0.39%,00985A
廣達,324.00,1.17,0.00%,00985A
旺矽,35.00,1.13,-0.38%,00985A
華邦電,659.00,1.09,-2.12%,00985A
信驊,9.00,1.03,-0.03%,00985A
京元電子,236.00,0.90,-0.17%,00985A
世芯-KY,21.00,0.85,-0.58%,00985A
華城,64.00,0.80,+0.09%,00985A
貿聯-KY,47.00,0.79,-0.65%,00985A
緯穎,16.00,0.74,-0.31%,00985A
欣銓,346.00,0.71,N/A,00985A
台燿,105.00,0.68,-0.59%,00985A
富世達,36.00,0.66,+0.02%,00985A
AES-KY,41.00,0.60,+0.43%,00985A
鴻勁,12.00,0.58,N/A,00985A
穩懋,166.00,0.50,N/A,00985A
力旺,21.00,0.49,N/A,00985A
矽力*-KY,108.00,0.39,N/A,00985A
統一,412.00,0.38,-0.08%,00985A
勤誠,27.00,0.31,-0.09%,00985A
力成,92.00,0.30,N/A,00985A
川湖,4.00,0.16,-1.15%,00985A
台積電,92.00,31.33,+1.35%,009809
聯電,793.00,9.49,+1.41%,009809
日月光投控,130.00,7.41,+0.64%,009809
台新新光金,"1,387.00",6.04,+0.14%,009809
台達電,23.00,5.38,+0.63%,009809
華碩,42.00,4.00,-0.80%,009809
中華電,133.00,3.41,-0.21%,009809
台灣大,157.00,3.18,-0.36%,009809
元大金,363.00,3.00,+0.02%,009809
中租-KY,139.00,2.77,-0.27%,009809
兆豐金,355.00,2.64,-0.32%,009809
遠傳,143.00,2.44,-0.19%,009809
廣達,45.00,2.42,-0.11%,009809
可成,59.00,2.27,-0.27%,009809
緯創,75.00,1.88,-0.48%,009809
統一超,33.00,1.35,-0.19%,009809
研華,19.00,1.09,-0.07%,009809
中興電,33.00,1.07,+0.06%,009809
凱基金,289.00,1.00,-0.04%,009809
藥華藥,5.00,0.74,+0.23%,009809
玉山金,92.00,0.59,-0.06%,009809
力成,12.00,0.58,+0.17%,009809
創意,1.00,0.50,+0.11%,009809
大立光,1.00,0.46,0.00%,009809
群光,20.00,0.45,-0.04%,009809
上海商銀,54.00,0.41,-0.05%,009809
聚陽,6.00,0.35,-0.02%,009809
嘉澤,1.00,0.27,+0.03%,009809
致茂,1.00,0.23,+0.09%,009809
文曄,6.00,0.18,0.00%,009809
祥碩,0.00,0.12,+0.01%,009809
保瑞,1.00,0.12,+0.03%,009809
聯發科,0.00,0.12,-0.14%,009809
奇鋐,0.00,0.12,0.00%,009809
長榮,3.00,0.11,+0.01%,009809
國巨*,2.00,0.11,+0.03%,009809
臻鼎-KY,3.00,0.11,+0.01%,009809
國泰金,7.00,0.10,-0.01%,009809
中信金,10.00,0.10,-0.01%,009809
臺企銀,30.00,0.09,-0.01%,009809
富邦金,5.00,0.09,0.00%,009809
瑞昱,1.00,0.09,0.00%,009809
聯華,10.00,0.09,-0.01%,009809
智邦,0.00,0.09,-0.13%,009809
瑞儀,4.00,0.09,-0.02%,009809
緯穎,0.00,0.08,-0.22%,009809
億豐,1.00,0.08,+0.01%,009809
鴻海,2.00,0.08,0.00%,009809
儒鴻,1.00,0.08,+0.01%,009809
富邦媒,2.00,0.07,-0.01%,009809
台積電,"2,330.00",19.14,+1.78%,00991A
南亞科,"6,399.00",9.67,+6.10%,00991A
群聯,850.00,9.36,+3.51%,00991A
台達電,"1,001.00",5.65,+1.60%,00991A
鴻勁,270.00,4.69,-0.11%,00991A
台光電,570.00,4.60,+0.27%,00991A
信驊,100.00,4.11,+0.45%,00991A
貿聯-KY,580.00,3.49,-1.02%,00991A
台燿,"1,499.00",3.49,+0.72%,00991A
華新,"16,491.00",3.32,+1.61%,00991A
欣興,"1,553.00",2.72,+2.71%,00991A
光聖,320.00,2.64,+0.89%,00991A
金像電,801.00,2.60,-0.86%,00991A
旺矽,220.00,2.56,+0.04%,00991A
華城,550.00,2.47,+0.28%,00991A
京元電子,"1,701.00",2.33,+1.98%,00991A
健策,175.00,2.30,-0.16%,00991A
奇鋐,340.00,2.30,-2.10%,00991A
勤誠,520.00,2.18,-0.52%,00991A
金居,"1,798.00",2.18,+1.87%,00991A
智邦,421.00,2.17,-0.62%,00991A
南亞,"5,807.00",2.04,+1.47%,00991A
漢唐,471.00,1.98,+0.28%,00991A
健鼎,12.00,0.02,0.00%,00991A
精測,1.00,0.02,-0.30%,00991A
穎崴,1.00,0.02,-0.30%,00991A
緯穎,1.00,0.02,-4.75%,00991A
川湖,1.00,0.02,-3.55%,00991A
光寶科,13.00,0.01,0.00%,00991A
鴻海,10.00,0.01,-0.35%,00991A
聚陽,7.00,0.01,-0.01%,00991A
亞德客-KY,2.00,0.01,-0.04%,00991A
廣達,8.00,0.01,0.00%,00991A
聯發科,1.00,0.01,0.00%,00991A
長榮,12.00,0.01,0.00%,00991A
長榮航太,13.00,0.01,0.00%,00991A
AES-KY,2.00,0.01,-2.37%,00991A
富世達,2.00,0.01,-2.45%,00991A
日月光投控,7.00,0.01,-0.34%,00991A
世界,15.00,0.01,0.00%,00991A
緯創,17.00,0.01,-0.36%,00991A
創意,1.00,0.01,0.00%,00991A
世芯-KY,1.00,0.01,-0.01%,00991A
台積電,95.00,10.32,+1.31%,00987A
群聯,48.00,6.99,+4.51%,00987A
奇鋐,69.00,6.17,+0.76%,00987A
鴻勁,22.00,5.05,+1.49%,00987A
台達電,66.00,4.93,+1.63%,00987A
弘塑,39.00,3.99,+1.32%,00987A
緯穎,17.00,3.72,-0.24%,00987A
創意,23.00,3.69,N/A,00987A
東陽,537.00,3.60,+1.40%,00987A
雍智科技,100.00,3.53,N/A,00987A
雙鴻,63.00,3.51,+0.21%,00987A
健策,20.00,3.48,+0.63%,00987A
全新,331.00,3.40,+0.15%,00987A
金居,201.00,3.22,N/A,00987A
智邦,45.00,3.07,+0.30%,00987A
順達,140.00,2.90,-1.60%,00987A
力旺,25.00,2.80,+0.55%,00987A
金像電,60.00,2.58,N/A,00987A
台燿,78.00,2.40,+0.40%,00987A
上詮,93.00,2.37,+0.16%,00987A
欣興,100.00,2.32,N/A,00987A
國巨,N/A,2.29,N/A,00987A
,N/A,2.23,-2.19%,00987A
精測,10.00,2.02,N/A,00987A
聯發科,16.00,1.72,N/A,00987A
矽力*-KY,73.00,1.25,N/A,00987A
台積電,556.00,7.68,-0.37%,00992A
群聯,327.00,6.06,+1.52%,00992A
台達電,504.00,4.79,+0.34%,00992A
智邦,487.00,4.23,+0.28%,00992A
貿聯-KY,387.00,3.92,-0.35%,00992A
奇鋐,331.00,3.76,-1.29%,00992A
旺矽,175.00,3.43,-0.08%,00992A
川湖,134.00,3.27,-0.26%,00992A
穎崴,101.00,3.07,+0.55%,00992A
台光電,224.00,3.04,-1.42%,00992A
鴻勁,92.00,2.68,-0.07%,00992A
欣興,859.00,2.53,+1.79%,00992A
南亞科,968.00,2.46,+0.78%,00992A
高力,413.00,2.40,+0.46%,00992A
致茂,313.00,2.39,+0.22%,00992A
世界,"2,104.00",2.35,N/A,00992A
威剛,820.00,2.32,+0.21%,00992A
波若威,611.00,2.17,-0.13%,00992A
京元電子,933.00,2.15,+1.16%,00992A
矽力*-KY,838.00,1.83,N/A,00992A
弘塑,141.00,1.83,-0.15%,00992A
信驊,26.00,1.80,+1.20%,00992A
光聖,124.00,1.72,+0.18%,00992A
AES-KY,191.00,1.68,-0.54%,00992A
新應材,240.00,1.61,N/A,00992A
世芯-KY,64.00,1.56,+0.60%,00992A
華城,204.00,1.54,-0.51%,00992A
金居,711.00,1.45,N/A,00992A
緯穎,50.00,1.39,-2.05%,00992A
國巨*,593.00,1.28,N/A,00992A
聯發科,85.00,1.16,N/A,00992A
勤誠,165.00,1.16,-0.51%,00992A
一詮,"1,154.00",1.15,N/A,00992A
華邦電,"1,080.00",1.08,+0.27%,00992A
力旺,71.00,1.01,-0.16%,00992A
宜鼎,157.00,0.97,+0.14%,00992A
創見,463.00,0.96,-0.74%,00992A
台燿,238.00,0.93,-1.78%,00992A
緯創,827.00,0.84,+0.03%,00992A
愛普*,245.00,0.82,+0.48%,00992A
尖點,508.00,0.81,N/A,00992A
雙鴻,90.00,0.64,-1.48%,00992A
富世達,55.00,0.61,-1.44%,00992A
鴻海,326.00,0.56,-0.12%,00992A
南電,159.00,0.48,+0.16%,00992A
創意,23.00,0.47,-0.02%,00992A
景碩,214.00,0.42,+0.11%,00992A
金像電,60.00,0.33,-1.37%,00992A
健策,14.00,0.31,+0.01%,00992A
南俊國際,135.00,0.31,-1.54%,00992A
高技,125.00,0.29,-0.01%,00992A
聖暉*,6.00,0.03,-1.77%,00992A
台積電,107.00,21.51,N/A,00994A
群聯,24.00,6.46,N/A,00994A
台達電,34.00,4.69,N/A,00994A
欣興,97.00,4.15,N/A,00994A
信驊,4.00,4.02,N/A,00994A
穎崴,9.00,3.98,N/A,00994A
致茂,33.00,3.66,N/A,00994A
台光電,18.00,3.55,N/A,00994A
旺矽,12.00,3.42,N/A,00994A
創意,10.00,3.11,N/A,00994A
華通,155.00,2.96,N/A,00994A
聯發科,13.00,2.59,N/A,00994A
台燿,44.00,2.50,N/A,00994A
智邦,16.00,2.02,N/A,00994A
京元電子,60.00,2.01,N/A,00994A
金像電,25.00,1.98,N/A,00994A
奇鋐,12.00,1.98,N/A,00994A
健策,6.00,1.93,N/A,00994A
日月光投控,53.00,1.78,N/A,00994A
勤誠,17.00,1.74,N/A,00994A
精測,4.00,1.50,N/A,00994A
華邦電,80.00,1.16,N/A,00994A
華城,10.00,1.10,N/A,00994A
雙鴻,9.00,0.93,N/A,00994A
鴻勁,2.00,0.85,N/A,00994A
威剛,20.00,0.82,N/A,00994A
弘塑,4.00,0.76,N/A,00994A
富世達,4.00,0.65,N/A,00994A
華星光,18.00,0.64,N/A,00994A
光聖,3.00,0.61,N/A,00994A
高力,7.00,0.59,N/A,00994A
欣銓,30.00,0.54,N/A,00994A
強茂,50.00,0.51,N/A,00994A
矽力*-KY,13.00,0.41,N/A,00994A
中興電,15.00,0.29,N/A,00994A
富喬,25.00,0.26,N/A,00994A
遠傳,1.00,0.01,N/A,00994A
台積電,198.00,9.45,N/A,00995A
台達電,173.00,5.69,N/A,00995A
奇鋐,112.00,4.41,N/A,00995A
智邦,143.00,4.30,N/A,00995A
台光電,90.00,4.23,N/A,00995A
貿聯-KY,114.00,3.99,N/A,00995A
鴻勁,39.00,3.94,N/A,00995A
健策,49.00,3.75,N/A,00995A
旺矽,49.00,3.32,N/A,00995A
台燿,244.00,3.31,N/A,00995A
金像電,172.00,3.25,N/A,00995A
鴻海,404.00,2.40,N/A,00995A
京元電子,300.00,2.39,N/A,00995A
川湖,28.00,2.37,N/A,00995A
世芯-KY,28.00,2.36,N/A,00995A
信驊,9.00,2.15,N/A,00995A
勤誠,87.00,2.12,N/A,00995A
緯穎,22.00,2.12,N/A,00995A
富世達,54.00,2.07,N/A,00995A
聯發科,40.00,1.90,N/A,00995A
國巨*,231.00,1.73,N/A,00995A
華新,"1,323.00",1.55,N/A,00995A
穎崴,13.00,1.37,N/A,00995A
華城,42.00,1.10,N/A,00995A
亞翔,69.00,1.07,N/A,00995A
欣銓,212.00,0.91,N/A,00995A
聖暉*,51.00,0.87,N/A,00995A
欣興,82.00,0.84,N/A,00995A
南亞,396.00,0.81,N/A,00995A
漢唐,31.00,0.76,N/A,00995A
文曄,178.00,0.75,N/A,00995A
元大金,621.00,0.72,N/A,00995A
矽力*-KY,89.00,0.67,N/A,00995A
日月光投控,82.00,0.66,N/A,00995A
環球晶,48.00,0.64,N/A,00995A
京鼎,82.00,0.63,N/A,00995A
東陽,214.00,0.63,N/A,00995A
華通,138.00,0.63,N/A,00995A
華邦電,165.00,0.57,N/A,00995A
雙鴻,23.00,0.56,N/A,00995A
高技,65.00,0.52,N/A,00995A
臻鼎-KY,89.00,0.47,N/A,00995A
立隆電,162.00,0.47,N/A,00995A
宜鼎,22.00,0.47,N/A,00995A
精測,5.00,0.45,N/A,00995A
光聖,9.00,0.43,N/A,00995A
華航,719.00,0.43,N/A,00995A
卜蜂,105.00,0.42,N/A,00995A
光寶科,91.00,0.40,N/A,00995A
健鼎,39.00,0.39,N/A,00995A
昇達科,12.00,0.35,N/A,00995A
建準,70.00,0.27,N/A,00995A
緯創,68.00,0.24,N/A,00995A
華星光,27.00,0.23,N/A,00995A
聚陽,6.00,0.05,N/A,00995A
中興電,11.00,0.05,N/A,00995A
瑞智,58.00,0.04,N/A,00995A
凡甲,4.00,0.03,N/A,00995A
帆宣,3.00,0.02,N/A,00995A
智易,4.00,0.02,N/A,00995A
文曄,"6,040.00",8.49,N/A,00993A
台積電,502.00,8.03,N/A,00993A
聯電,"14,032.00",7.89,N/A,00993A
中華電,"6,127.00",7.37,N/A,00993A
聯發科,395.00,6.26,N/A,00993A
健鼎,"1,156.00",3.90,N/A,00993A
美時,975.00,3.17,N/A,00993A
日月光投控,889.00,2.38,N/A,00993A
國巨*,832.00,2.08,N/A,00993A
南亞科,656.00,1.93,N/A,00993A
