出表日期,資料年月,公司代號,公司名稱,產業別,營業收入-當月營收,營業收入-上月營收,營業收入-去年當月營收,營業收入-上月比較增減(%),營業收入-去年同月增減(%),累計營業收入-當月累計營收,累計營業收入-去年累計營收,累計營業收入-前期比較增減(%),備註
"1150514","11504","1240","茂生農經","農業科技","236451","268329","211888","-11.88019185402994","11.592445065317527","926403","895544","3.445838507097362","-"
"1150514","11504","1259","安心","觀光餐旅","488504","517804","479095","-5.658511714857359","1.9639111240985607","2010864","1948747","3.1875353752949973","-"
"1150514","11504","1264","德麥","食品工業","630343","562663","567719","12.028514403826092","11.030809255987558","2365572","2216558","6.722765657384106","-"
"1150514","11504","1268","漢來美食","觀光餐旅","514778","583961","410440","-11.847195275026928","25.421011597310205","2503105","2145899","16.64598380445678","-"
"1150514","11504","1294","漢田生技","食品工業","76653","76113","72323","0.7094714437743881","5.987030405265268","304704","247000","23.36194331983806","-"
"1150514","11504","1295","生合","食品工業","104392","79388","116307","31.495943971381067","-10.244439285683578","318936","350031","-8.883498890098306","-"
"1150514","11504","1336","台翰","電子零組件業","203814","214212","223736","-4.854069800011204","-8.904244287910752","762450","846308","-9.908685726709425","-"
"1150514","11504","1565","精華","生技醫療業","303813","305118","364384","-0.42770338033154387","-16.622848423640995","1203356","1475364","-18.436670543676","-"
"1150514","11504","1569","濱川","電腦及週邊設備業","266771","373329","299047","-28.542652727219156","-10.792952278404398","1072791","1117552","-4.005272237891391","-"
"1150514","11504","1570","力肯","電機機械","55523","52171","47301","6.425025397251346","17.38229635737088","174935","168373","3.8972994482488286","-"
"1150514","11504","1580","新麥","電機機械","417464","351484","464524","18.77183598684435","-10.130800561434931","1511896","1553563","-2.682028343877912","-"
"1150514","11504","1584","精剛","其他","194181","148942","231924","30.373568234614815","-16.273865576654423","707217","907927","-22.106402827540098","-"
"1150514","11504","1586","和勤","電機機械","206362","184217","216182","12.021148971050446","-4.542468845694831","754339","758471","-0.5447802223156851","-"
"1150514","11504","1591","駿吉-KY","電機機械","47510","50028","7780","-5.033181418405693","510.66838046272494","179870","21318","743.7470682052725","本期銷售數量增加所致"
"1150514","11504","1593","祺驊","運動休閒","122182","102625","103120","19.05676004872107","18.485259891388672","426481","379456","12.392741187384045","-"
"1150514","11504","1595","川寶","電子零組件業","57634","66552","75921","-13.400048082702249","-24.086879782932257","224023","284573","-21.277492945571083","-"
"1150514","11504","1599","宏佳騰","電機機械","158205","246130","146488","-35.72299191484175","7.998607394462345","795842","642453","23.875520855222096","-"
"1150514","11504","1742","台蠟","化學工業","8624","7279","12200","18.477812886385493","-29.311475409836067","26257","53050","-50.50518378887842","本月累計營收較去年同期減少，係因蠟品及水產較去年同期減少"
"1150514","11504","1777","生泰","生技醫療業","101291","87311","109530","16.011728190033327","-7.522140052953529","376863","425280","-11.384734762979685","-"
"1150514","11504","1781","合世","生技醫療業","22159","27473","22898","-19.34262730681032","-3.227356100969517","119128","144986","-17.834825431420963","-"
"1150514","11504","1784","訊聯","生技醫療業","116501","127172","102632","-8.39099801843173","13.513329176085431","431198","393432","9.59911750950609","-"
"1150514","11504","1785","光洋科","其他電子業","5595664","5956286","3753435","-6.05447757209778","49.081148334792","20153556","11996277","67.99842151027356","主係業績增長所致，其中貴金屬及VAS營收皆成長。"
"1150514","11504","1788","杏昌","生技醫療業","369637","391987","360414","-5.701719699888007","2.5590015926129395","1514822","1410907","7.365120450887266","-"
"1150514","11504","1796","金穎生技","食品工業","51412","52751","58855","-2.5383405053932626","-12.64633421119701","204610","225282","-9.176054900080787","-"
"1150514","11504","1799","易威","生技醫療業","88536","100120","26006","-11.57011586096684","240.44451280473737","325231","177549","83.17816490095692","因新藥/學名藥產品出貨較去年同期多，故營收成長。"
"1150514","11504","1813","寶利徠","生技醫療業","26637","26742","26715","-0.3926407897689029","-0.291970802919708","100456","110454","-9.051731942709182","-"
"1150514","11504","1815","富喬","電子零組件業","733783","681209","479087","7.71774888470352","53.16278671723507","2615222","1861676","40.47675320517641","主要受高階薄布需求大幅增加。"
"1150514","11504","2035","唐榮公司","鋼鐵工業","1127727","911850","1156808","23.67461753577891","-2.513900318808307","3601505","3684553","-2.253950479203312","-"
"1150514","11504","2061","風青","電器電纜","118293","111717","111106","5.886301995220065","6.468597555487553","435027","407354","6.793354183339307","-"
"1150514","11504","2063","世鎧精密","鋼鐵工業","86860","87062","76186","-0.23201856148491878","14.010448113826687","307055","333621","-7.962927993141919","-"
"1150514","11504","2064","晉椿","鋼鐵工業","161944","172401","129828","-6.065510060846515","24.737344794651385","609081","511975","18.9669417452024","-"
"1150514","11504","2065","世豐","鋼鐵工業","186175","186138","176985","0.019877725128667978","5.192530440432805","731735","749447","-2.3633425712558727","-"
"1150514","11504","2066","世德","電機機械","231736","254162","213358","-8.823506267656063","8.613691541915466","962314","920877","4.499732320385893","-"
"1150514","11504","2067","嘉鋼","電機機械","77022","87921","99984","-12.396355819428805","-22.965674507921268","307054","338419","-9.268096649419801","-"
"1150514","11504","2070","精湛","電機機械","69750","75686","44877","-7.84293000026425","55.424827862825055","227828","189886","19.981462561747573","去年下半年及今年初訂單出貨"
"1150514","11504","2073","雄順","鋼鐵工業","66336","47670","48789","39.156702328508494","35.9650740945705","182384","198521","-8.128611078928678","-"
"1150514","11504","2221","大甲","其他","140432","131210","119963","7.028427711302492","17.062761017980545","512651","444280","15.389168992527235","-"
"1150514","11504","2230","泰茂","電機機械","181225","222286","101887","-18.4721484933824","77.86861915651653","912754","551446","65.520105323096","係因酒水事業收入增加"
"1150514","11504","2235","謚源","電機機械","54143","50651","51100","6.894237033819668","5.954990215264188","197929","196904","0.520558241579653","-"
"1150514","11504","2596","綠意","建材營造","94157","87740","318792","7.313653977661272","-70.46444076388366","225118","673399","-66.56989392618641","本公司「綠意領航1號」建案完工、陸續交屋中，本年單月及累計營業收入淨額較去年同期減少，主要係受建案工期分布影響。"
"1150514","11504","2640","大車隊","數位雲端","277597","269605","253179","2.964336714823538","9.644559777864673","1092109","1025866","6.457276096488235","-"
"1150514","11504","2641","正德","航運業","197955","205976","185278","-3.8941430069522665","6.842150714062112","804484","690840","16.450118696080136","-"
"1150514","11504","2643","捷迅","航運業","609568","442443","739208","37.77322728577467","-17.537688986049936","2065726","2674393","-22.75907093684436","-"
"1150514","11504","2718","全心投控","建材營造","35779","32010","574735","11.774445485785693","-93.77469616431921","184154","600860","-69.35159604566788","配合銷售個案交屋認列收入"
"1150514","11504","2719","燦星旅","觀光餐旅","122318","149932","171756","-18.41768268281621","-28.783856168052353","644837","781608","-17.498669409729686","-"
"1150514","11504","2724","藝舍-KY","其他","31603","10949","21813","188.63823180199105","44.881492687846695","63644","62047","2.573855303237868","-"
"1150514","11504","2726","雅茗-KY","觀光餐旅","36301","55688","54231","-34.813604367188624","-33.0622706570043","170154","200524","-15.145319263529553","-"
"1150514","11504","2729","瓦城","觀光餐旅","497222","453095","437403","9.739017203897637","13.675946438410344","2150451","2034329","5.708122924069804","-"
"1150514","11504","2732","六角","觀光餐旅","432849","458632","327538","-5.6217185019798","32.15229988581478","1772513","1260964","40.56808917621756","-"
"1150514","11504","2734","易飛網","觀光餐旅","148873","167864","124182","-11.313325072677882","19.882913787827544","705537","527350","33.789134351000286","-"
"1150514","11504","2736","富野","觀光餐旅","47665","50419","40252","-5.462226541581547","18.416476199940377","217018","197069","10.12285037220466","-"
"1150514","11504","2740","華軒","觀光餐旅","4152","4856","10124","-14.497528830313016","-58.98854207822995","22660","57798","-60.79449115886363","差異原因為門店數及商品銷售金額均較去年同期減少"
"1150514","11504","2743","山富","觀光餐旅","552525","503285","528005","9.783720953336578","4.6438954176570295","2384703","2283137","4.448528493909914","-"
"1150514","11504","2745","五福","觀光餐旅","811915","926812","728031","-12.397012554865496","11.522036836343508","3353413","2917175","14.954125138190202","-"
"1150514","11504","2751","王座","觀光餐旅","159191","149718","119209","6.327228522956491","33.5394139704217","664460","483305","37.482542080052966","-"
"1150514","11504","2752","豆府","觀光餐旅","344560","332818","303424","3.5280543720592035","13.557266399493777","1440687","1304873","10.408215971975817","-"
"1150514","11504","2754","亞洲藏壽司","觀光餐旅","442876","459314","423830","-3.5788153637816396","4.493782884647146","1924909","1757629","9.517366861834892","-"
"1150514","11504","2755","揚秦","觀光餐旅","279622","280921","236170","-0.46240758077893784","18.398611169919974","1105791","919258","20.29169177749881","-"
"1150514","11504","2756","聯發國際","觀光餐旅","91330","114278","98841","-20.080855457743397","-7.599073259072652","395990","298893","32.48553830300475","-"
"1150514","11504","2916","滿心","居家生活","176015","126235","146253","39.43438824414782","20.34966804099745","714113","681104","4.846396438723015","-"
"1150514","11504","2924","宏太-KY","居家生活","3928","4097","5506","-4.124969489870637","-28.659644024700327","21960","16152","35.95839524517088","因去年同期子公司東凌嬰童用品營收較高所致"
"1150514","11504","2926","誠品生活","文化創意業","570155","573683","505562","-0.6149737747153045","12.776474497687722","2293013","2153960","6.455690913480288","-"
"1150514","11504","2937","集雅社","居家生活","435112","361212","369899","20.458899482852175","17.62994763435424","1662885","1541864","7.8490061380251435","-"
"1150514","11504","2941","米斯特","居家生活","66800","52473","73702","27.30356564328321","-9.364739084421046","312750","304752","2.624429043943928","-"
"1150514","11504","2947","振宇五金","居家生活","193204","196573","179407","-1.7138671129809282","7.690335382677376","779117","731589","6.49654382446975","-"
"1150514","11504","2948","寶陞","居家生活","187738","185215","196648","1.362200685689604","-4.530938529758757","718788","720039","-0.1737405890514264","-"
"1150514","11504","2949","欣新網","數位雲端","511675","583898","407091","-12.369112413469475","25.69057041300348","1912171","1605817","19.07776539917064","-"
"1150514","11504","3064","泰偉","文化創意業","8052","6557","6990","22.8000610035077","15.193133047210301","27625","29039","-4.869313681600606","-"
"1150514","11504","3066","李洲","光電業","23648","22234","19290","6.359629396419898","22.59201658890617","90064","74019","21.676866750428943","-"
"1150514","11504","3067","全域","其他電子業","3246","17689","3494","-81.64961275368873","-7.097882083571838","29362","17876","64.25374804206757","環境淨化事業穩步發展，致營收成長。"
"1150514","11504","3071","協禧","電腦及週邊設備業","262303","246752","199702","6.302279211516016","31.347207338935014","968741","740059","30.90050928371927","-"
"1150514","11504","3073","天方能源","綠能環保","7800","13922","5488","-43.9735670162333","42.12827988338192","71055","17289","310.9838625715773","本年增加主係承攬工程按完工進度認列營業收入。"
"1150514","11504","3078","僑威","電子零組件業","605559","488745","1117342","23.90080716938281","-45.80361250181234","2302169","3955686","-41.801017573184524","-"
"1150514","11504","3081","聯亞","通信網路業","395349","343319","183555","15.155001616572342","115.38448966249898","1299739","638057","103.7026472556527","數據中心產品出貨量較同期增加"
"1150514","11504","3083","網龍","文化創意業","21091","30466","20626","-30.772008140221885","2.2544361485503734","119504","98422","21.420007721850805","-"
"1150514","11504","3085","新零售","數位雲端","7831","4993","3979","56.83957540556779","96.80824327720532","19652","16614","18.285783074515468","本月營收金額增加，主係業務量成長所致。"
"1150514","11504","3086","華義*","文化創意業","9039","10367","9743","-12.809877495900453","-7.225700502925177","41591","53430","-22.157963690810405","-"
"1150514","11504","3088","艾訊","電腦及週邊設備業","828116","832444","499219","-0.5199148531312617","65.88230816535429","2948639","2135182","38.097782765122595","月營收較去年同期成長65.88%，主要係台灣及美洲地區專案訂單出貨增加所致。"
"1150514","11504","3093","港建*","其他電子業","195589","49654","262552","293.9038143956177","-25.504661933636005","463156","835088","-44.538060659475406","-"
"1150514","11504","3095","及成","通信網路業","73276","64505","53875","13.597395550732502","36.01113689095128","236519","189527","24.79435647691358","-"
"1150514","11504","3105","穩懋","半導體業","1734086","1648656","1164676","5.1817965664153105","48.88999172301997","6324146","4740479","33.4073202307193","-"
"1150514","11504","3114","好德","電子零組件業","270802","238326","289748","13.626712989770315","-6.538785427336858","1004894","927018","8.40069987853526","-"
"1150514","11504","3115","富榮綱","電子零組件業","872","863","0","1.0428736964078795","","2313","935","147.37967914438502","去年同期受限於發票開立額度致無營收。"
"1150514","11504","3118","進階","生技醫療業","58229","70322","60403","-17.196609880265065","-3.59915898216976","217085","237274","-8.508728305671923","-"
"1150514","11504","3122","笙泉","半導體業","29445","32016","29470","-8.030359820089956","-0.08483203257550051","110898","115553","-4.028454475435514","-"
"1150514","11504","3128","昇銳","光電業","75107","87302","91011","-13.96875214771712","-17.47481073716364","343251","386321","-11.148759710189195","-"
"1150514","11504","3131","弘塑","其他電子業","536413","488837","560865","9.73248751628866","-4.359694400613338","2132776","1801679","18.37713599370365","-"
"1150514","11504","3141","晶宏","半導體業","151690","130357","138522","16.365059030201678","9.506071237781724","515984","473836","8.895060738314521","-"
"1150514","11504","3147","大綜","資訊服務業","1093294","832188","575203","31.37584295856225","90.07098363534266","4077652","3725379","9.456031185015002","主要係進入客戶出貨高峰期，致本月營收較去年同期大幅增加。"
"1150514","11504","3152","璟德","通信網路業","127134","121070","125073","5.0086726687040555","1.6478376628049218","479559","511295","-6.206984226327267","-"
"1150514","11504","3158","嘉實","資訊服務業","88068","96360","78459","-8.605230386052304","12.247160937559745","349699","310204","12.7319441399853","-"
"1150514","11504","3162","精確","電機機械","685887","774396","689020","-11.429423705700959","-0.4547037821833909","2654582","2528965","4.967130822292915","-"
"1150514","11504","3163","波若威","通信網路業","199142","247473","170936","-19.529807292108632","16.500912622267982","855237","694847","23.08277937445222","-"
"1150514","11504","3169","亞信","半導體業","80366","78069","80274","2.9422690184324125","0.11460746941724594","322322","335666","-3.9753802887394016","-"
"1150514","11504","3171","炎洲流通","居家生活","285660","235762","126204","21.164564263961115","126.34781781876961","898900","471464","90.66142908048123","合併營收增加主係因收購新增合併個體子公司營收所致"
"1150514","11504","3176","基亞","生技醫療業","94372","100471","105200","-6.0704083765464665","-10.29277566539924","355873","604576","-41.136763616154134","-"
"1150514","11504","3178","公準","半導體業","115006","142792","118383","-19.459073337441872","-2.8526055261312857","411679","440832","-6.613176901858305","-"
"1150514","11504","3188","鑫龍騰","建材營造","285483","645100","28131","-55.74593086343203","914.834168710675","1889268","190387","892.3303586904568","本公司「鑫巨蛋2」建案完工、陸續交屋中"
"1150514","11504","3191","雲嘉南","電子零組件業","15587","17967","15888","-13.246507485946458","-1.8945115810674724","57614","57194","0.7343427632269119","-"
"1150514","11504","3205","佰研","生技醫療業","60396","61138","35971","-1.213647813144035","67.90192099191015","207511","136910","51.567453071360745","本月營收成長主係客戶需求增加所致。"
"1150514","11504","3206","志豐","電子零組件業","280610","247824","304445","13.229550003228097","-7.8290003120432266","1011478","1134735","-10.862183681652544","-"
"1150514","11504","3207","耀勝","電子零組件業","132007","172463","146351","-23.457785148118727","-9.801094628666698","572568","535192","6.983661938145563","-"
"1150514","11504","3211","順達","電腦及週邊設備業","1060190","1468139","893861","-27.786810376946598","18.60792673581239","4404713","3256808","35.246320937556035","-"
"1150514","11504","3213","茂訊","電腦及週邊設備業","308540","277382","249070","11.232884613998024","23.87682177701048","1036293","1011764","2.424379598404371","系統事業部 205,612 仟元/通路事業部 102,928 仟元"
"1150514","11504","3217","優群","電子零組件業","316590","353819","365003","-10.522046583139968","-13.263726599507402","1264680","1288729","-1.8661021828483724","-"
"1150514","11504","3218","大學光","生技醫療業","380397","368553","354631","3.2136490545457503","7.265580279219809","1470203","1477851","-0.5175081926391768","-"
"1150514","11504","3219","倚強科","其他電子業","231582","141409","177782","63.76751126165944","30.261781282694535","663196","459317","44.38742741940751","-"
"1150514","11504","3221","台嘉碩","通信網路業","220010","187056","193586","17.617184158754597","13.649747399088778","766589","743174","3.1506753465541046","-"
"1150514","11504","3224","三顧","電子通路業","134156","160418","139777","-16.37098081262701","-4.021405524514047","544508","526681","3.3847813002557525","-"
"1150514","11504","3226","龍鋒","電機機械","97826","114630","215898","-14.659338742039605","-54.68878822406877","437705","742466","-41.04713212456867","受美國關稅及其市場景氣降溫影響，本月銷售較去年同期減緩。"
"1150514","11504","3227","原相","半導體業","850195","752006","815846","13.056943694598182","4.21023085239126","3059604","3164608","-3.3180728861204924","-"
"1150514","11504","3228","金麗科","半導體業","32369","26376","37370","22.721413406126782","-13.382392293283383","108227","112583","-3.8691454304823996","-"
"1150514","11504","3230","錦明","光電業","34151","39928","29031","-14.468543378080545","17.636319796080052","134759","147292","-8.508948211715504","-"
"1150514","11504","3232","昱捷","電子通路業","101257","80179","83385","26.28867908055725","21.43311147088805","349535","341335","2.4023320198631843","-"
"1150514","11504","3234","光環","通信網路業","62453","64206","55673","-2.7302744291810734","12.178255168573635","245138","261792","-6.361538931670945","-"
"1150514","11504","3236","千如","電子零組件業","256971","184336","185818","39.40358909816856","38.29176936572345","794514","635804","24.962095236896904","-"
"1150514","11504","3252","海灣","觀光餐旅","37811","45227","41833","-16.397284807747585","-9.614419238400306","178868","174281","2.6319564381659504","-"
"1150514","11504","3259","鑫創","半導體業","19549","16624","16209","17.59504331087584","20.605836263804058","65274","68155","-4.2271293375394325","-"
"1150514","11504","3260","威剛","半導體業","10555559","10536851","3916617","0.17754830167001506","169.50705162133545","36667617","13816722","165.38579121733795","記憶體售價上漲"
"1150514","11504","3264","欣銓","半導體業","1463816","1421480","1145450","2.9783043025578975","27.793967436378715","5447218","4358177","24.988452740675747","-"
"1150514","11504","3265","台星科","半導體業","489512","468141","355006","4.56507761550473","37.88837371762731","1797312","1438867","24.911614485563987","-"
"1150514","11504","3268","海德威","半導體業","105500","102898","107125","2.5287177593344867","-1.5169194865810969","319670","296794","7.707702985909418","-"
"1150514","11504","3272","東碩","電腦及週邊設備業","239573","254746","267937","-5.956128849913247","-10.586070606149953","891194","1022497","-12.841406869653408","-"
"1150514","11504","3276","宇環","電子零組件業","58746","67662","41113","-13.177263456593066","42.889110500328364","197391","178207","10.765009230838295","-"
"1150514","11504","3284","太普高","其他","63172","97831","77702","-35.427420756202025","-18.699647370724048","288261","312258","-7.684991257229599","-"
"1150514","11504","3285","微端","其他電子業","73079","66834","71414","9.344046443426999","2.3314756210266894","294961","210073","40.40881027071542","-"
"1150514","11504","3287","廣寰科","電腦及週邊設備業","83811","71688","85172","16.910780046869768","-1.5979429859578265","300481","279606","7.465862678197177","-"
"1150514","11504","3288","點晶","電子零組件業","8680","9032","5163","-3.8972542072630647","68.11931047840403","26736","22472","18.974724101103597","基期太低、5月訂單提前交貨"
"1150514","11504","3289","宜特","其他電子業","371304","349903","385985","6.116266508146543","-3.8035156806611656","1454762","1517471","-4.132467770389022","-"
"1150514","11504","3290","東浦","電子零組件業","295820","288289","174677","2.6123091758617223","69.35257646971267","1198022","665824","79.9307324458115","主要係併入Bi-Link公司之營業收入"
"1150514","11504","3293","鈊象","文化創意業","2123253","2193286","1850564","-3.193062829015459","14.735453623868183","8387923","7209806","16.340481283407627","-"
"1150514","11504","3294","英濟","電子零組件業","261124","237908","291225","9.75839400104242","-10.335994505966177","941716","970182","-2.9340886555306116","-"
"1150514","11504","3297","杭特","光電業","21799","27393","14183","-20.421275508341548","53.69808926179228","72011","59452","21.124604723137995","客戶專案需求增加"
"1150514","11504","3303","岱稜","其他電子業","307067","268866","259250","14.20819292881956","18.444358727097395","1081505","1004542","7.661501460367013","-"
"1150514","11504","3306","鼎天","通信網路業","84771","99050","106967","-14.415951539626452","-20.750324866547626","331412","327728","1.1241029146121173","-"
"1150514","11504","3310","佳穎","電子零組件業","188495","140452","149303","34.20599208270441","26.249974883291024","601096","1553510","-61.307233297500495","去年認列「一見」建案收入"
"1150514","11504","3313","斐成","其他","476","251","211","89.64143426294821","125.59241706161137","5433","748","626.336898395722","本年累計營收較去年同期增加，主係本年合併子公司之營收增加所致。"
"1150514","11504","3317","尼克森","半導體業","264771","249784","238932","5.999983986164046","10.814373964140424","972963","868546","12.022046040163676","-"
"1150514","11504","3322","建舜電","電子零組件業","275445","270605","209030","1.7885848376785352","31.7729512510166","1059860","959242","10.48932386196601","-"
"1150514","11504","3323","加百裕","電腦及週邊設備業","445715","335320","464344","32.92228319217464","-4.01189635270403","1469860","1573982","-6.6151963618389535","-"
"1150514","11504","3324","雙鴻","其他電子業","2842339","3329237","2017328","-14.624912555038888","40.89622510568435","11391876","6431439","77.12794912615979","成長動能來自AI伺服器液冷散熱系統市佔率持續攀升。"
"1150514","11504","3325","旭品","電腦及週邊設備業","58131","59058","137525","-1.5696434014020115","-57.730594437375025","289132","438074","-33.9992786606829","主要係電腦機殼及週邊營收減少所致"
"1150514","11504","3332","幸康","電子零組件業","175841","164791","141017","6.705463283795838","24.69489494174461","648233","537139","20.68254213527597","-"
"1150514","11504","3339","泰谷","光電業","72135","72697","65274","-0.7730717911330591","10.511076385697216","276480","199477","38.60244539470716","-"
"1150514","11504","3349","寶德","電腦及週邊設備業","18355","23971","46683","-23.428309206958406","-60.68161857635542","79600","144040","-44.73757289641766","主要客戶延遲出貨"
"1150514","11504","3354","律勝","電子零組件業","13792","11291","9072","22.15038526259853","52.02821869488536","42305","35181","20.249566527386943","客戶需求增加"
"1150514","11504","3357","臺慶科","電子零組件業","704105","655956","610034","7.34027892114715","15.420615900097372","2439594","2169460","12.451670000829699","-"
"1150514","11504","3360","尚立","電子通路業","707881","672156","735302","5.31498640196621","-3.7292160228042355","3021162","2080370","45.222340256781244","本月較去年同月增加20％以上,係客戶需求增加"
"1150514","11504","3362","先進光","光電業","372811","416114","387884","-10.406523212388914","-3.8859555949716924","1480604","1397707","5.930928298992565","-"
"1150514","11504","3363","上詮","通信網路業","127943","117274","204069","9.097498166686563","-37.30404912064057","509912","615472","-17.151064548834064","-"
"1150514","11504","3372","典範","半導體業","114860","114091","86638","0.6740233673120579","32.57462083612272","424543","314537","34.973945831492","-"
"1150514","11504","3373","熱映","其他電子業","42857","32286","33924","32.7417456482686","26.332390048343356","136341","125532","8.610553484370518","-"
"1150514","11504","3374","精材","半導體業","723821","699498","576113","3.477207940551653","25.638720181631033","2637537","2121524","24.322751003523884","-"
"1150514","11504","3379","彬台","電機機械","20689","32373","96623","-36.09180489914435","-78.58791385073947","205042","370143","-44.60465279635168","主係本期設備銷售之銷貨收入較去年同期減少所致"
"1150514","11504","3388","崇越電","電子零組件業","864392","799740","648685","8.084127341385951","33.25296561505199","2870375","2427227","18.257377657713928","-"
"1150514","11504","3390","旭軟","電子零組件業","91004","78457","61249","15.99219954879743","48.58038498587732","302181","256251","17.923832492361004","-"
"1150514","11504","3402","漢科","其他電子業","503187","468495","418817","7.4049883136426216","20.144836527648113","1876072","1659877","13.024760268381332","-"
"1150514","11504","3426","台興","電機機械","54906","56006","60562","-1.9640752776488233","-9.339189590832536","201237","262376","-23.302055066012134","-"
"1150514","11504","3430","奇鈦科","化學工業","161064","201073","141491","-19.89774857887434","13.833388696100812","660244","521235","26.669160743234816","-"
"1150514","11504","3434","哲固","光電業","28083","60692","55965","-53.72866275621169","-49.820423478960066","144254","284013","-49.20866298373666","-"
"1150514","11504","3438","類比科","半導體業","85567","66729","100182","28.23060438490012","-14.588449022778542","283941","358261","-20.744652641509962","-"
"1150514","11504","3441","聯一光電","光電業","58739","51182","40538","14.76495642999492","44.898613646455175","172074","131561","30.794080312554634","-"
"1150514","11504","3444","利機","電子通路業","112930","115331","115011","-2.0818340255438694","-1.8093921450991644","428881","416162","3.0562617442246047","-"
"1150514","11504","3455","由田","光電業","125160","34650","128383","261.2121212121212","-2.510456991969342","272334","491440","-44.58448640729285","-"
"1150514","11504","3465","進泰電子","其他電子業","193580","130376","145623","48.47824753022029","32.93229778263049","530679","588236","-9.78467825838609","-"
"1150514","11504","3466","德晉","通信網路業","218520","46063","9326","374.39376506089485","2243.126742440489","270436","19892","1259.5214156444802","AI事業部門業務啟動"
"1150514","11504","3467","台灣精材","半導體業","69424","62567","49696","10.959451468026275","39.6973599484868","237985","203024","17.220131610055954","-"
"1150514","11504","3479","安勤","電腦及週邊設備業","768864","823725","702249","-6.660111080761176","9.48595156418877","2912685","2633661","10.594529819897094","-"
"1150514","11504","3483","力致","電腦及週邊設備業","751921","826384","725222","-9.010702046506225","3.681493390989242","2768401","2508713","10.35144315033246","-"
"1150514","11504","3484","崧騰","電子零組件業","362417","384178","432229","-5.664301443601664","-16.151623329299976","1441138","1560025","-7.620839409624846","-"
"1150514","11504","3485","敘豐","電子零組件業","52522","52374","47805","0.28258296101118874","9.86716870620228","188125","193386","-2.7204658041430094","配合客戶裝機"
"1150514","11504","3489","森寶","建材營造","76569","79443","35862","-3.617688153770628","113.51012213485026","348464","158066","120.45474675135702","主要係本公司100%投資之子公司營造收入較去年增加，致本月營收較去年同期成長113.51%。"
"1150514","11504","3490","單井","光電業","31102","17569","20595","77.02771927827423","51.017237193493564","79815","68341","16.789335830614124","主要係客戶於本月集中驗收所致"
"1150514","11504","3491","昇達科","通信網路業","349053","328775","189709","6.167743897802448","83.9939064567311","1369208","809808","69.07810246379388","由於低軌衛星產業需求明顯增長，此為本月營收與去年同期比較增幅達到83.99%之主要因素。"
"1150514","11504","3492","長盛","電子零組件業","75515","65368","91876","15.522885815689634","-17.807697331185512","271746","313140","-13.21900747269592","-"
"1150514","11504","3498","陽程","其他電子業","341953","75810","143785","351.065822450864","137.82244323121327","592771","285208","107.83813918263162","本月可完工案件較多所致"
"1150514","11504","3499","環天科","通信網路業","28716","25725","35976","11.626822157434402","-20.18012008005337","89427","121514","-26.406010830027817","-"
"1150514","11504","3508","位速","其他電子業","70592","90192","87141","-21.731417420613802","-18.99106046522303","297945","313916","-5.087666764357344","-"
"1150514","11504","3511","矽瑪","電子零組件業","149273","173726","165824","-14.075613322127948","-9.981064260903127","616200","627597","-1.8159742637393104","-"
"1150514","11504","3512","皇龍","建材營造","16729","11367","6751","47.17163719539016","147.80032587764777","229609","714363","-67.85821774084044","本期建案完工交屋減少."
"1150514","11504","3516","亞帝歐","光電業","96561","95897","76029","0.6924095644285014","27.00548474924042","387378","296838","30.501485658844217","-"
"1150514","11504","3520","華盈","電子零組件業","101445","108380","104201","-6.398782063111275","-2.6448882448345024","407398","345587","17.88580010243441","-"
"1150514","11504","3521","台鋼建設","建材營造","1082","9112","2620","-88.12554872695347","-58.70229007633588","11520","20464","-43.70602032838155","POS商品內外銷累計較去年同期減少，建設事業累計較去年同期相同。"
"1150514","11504","3522","御嵿","觀光餐旅","62514","127396","62884","-50.92938553800747","-0.5883849627886267","531910","465199","14.340314575052826","-"
"1150514","11504","3523","迎輝","光電業","10866","5701","3649","90.5981406770742","197.78021375719376","24085","33534","-28.177372219240173","太陽能及儲能系統建置:銷貨額$5,648,148;售電:銷貨額$2,346,576"
"1150514","11504","3526","凡甲","電子零組件業","436621","420753","311159","3.7713337753979177","40.32086489543931","1536634","1235275","24.39610613021392","-"
"1150514","11504","3527","聚積","半導體業","105870","140204","132229","-24.48860232233032","-19.934356306105318","449853","518555","-13.248739285128869","-"
"1150514","11504","3529","力旺","半導體業","613115","121169","542896","405.99988445889625","12.934153134301965","1707108","1454630","17.35685363288259","-"
"1150514","11504","3531","先益","光電業","101149","103012","140524","-1.8085271618840524","-28.020124676211893","374211","505798","-26.015721691268055","-"
"1150514","11504","3537","堡達","電子零組件業","283946","246302","302331","15.283676137424788","-6.08108331596826","1015311","988925","2.6681497585762317","-"
"1150514","11504","3540","曜越","電腦及週邊設備業","300933","410659","436389","-26.7194923281847","-31.040195788619787","1570087","1755855","-10.579916906578276","-"
"1150514","11504","3541","西柏","其他電子業","83034","102004","115228","-18.597309909415316","-27.939389731662445","325311","368303","-11.672997504771887","-"
"1150514","11504","3546","宇峻","文化創意業","133458","160488","100885","-16.842380738746822","32.28725776874659","652966","446939","46.097342142887506","-"
"1150514","11504","3548","兆利","電子零組件業","751263","637147","1076108","17.910466501451","-30.18702583755534","2444851","3704013","-33.99453511637243","-"
"1150514","11504","3551","世禾","綠能環保","275778","275071","246242","0.2570245500252662","11.994704396488007","1086690","927025","17.223375852862652","-"
"1150514","11504","3552","同致","其他電子業","736796","521690","718228","41.232532730165424","2.5852514800314106","2471529","2763609","-10.568788855442286","-"
"1150514","11504","3555","博士旺","半導體業","68972","102925","2352","-32.988098129706096","2832.482993197279","342258","8705","3831.7403790924755","本月因銷售電子及消費娛樂產品，致本月及累計營收較去年同期增加。"
"1150514","11504","3556","禾瑞亞","半導體業","108661","117846","110705","-7.794070227245728","-1.84634840341448","417838","361929","15.447504897369374","-"
"1150514","11504","3558","神準","通信網路業","1056838","1026464","1401308","2.9590906256819527","-24.58203335740608","4115043","5395434","-23.731010332069673","-"
"1150514","11504","3564","其陽","通信網路業","247452","204278","233472","21.134923976150148","5.9878700657894735","807116","734255","9.923119352268627","-"
"1150514","11504","3567","逸昌","半導體業","24016","24205","21036","-0.7808304069407147","14.166191291119985","86571","88243","-1.8947678569404938","-"
"1150514","11504","3570","大塚","資訊服務業","276991","211821","226601","30.766543449421917","22.23732463669622","959428","970037","-1.093669622911291","-"
"1150514","11504","3577","泓格","電腦及週邊設備業","153905","169021","81426","-8.943267404642027","89.01210915432416","541301","397141","36.29945032117057","客戶需求增加"
"1150514","11504","3580","友威科","其他電子業","47451","24397","27708","94.49522482272411","71.25378951927242","111810","119141","-6.153213419393827","主係本月濺鍍設備收入較去年同期增加所致"
"1150514","11504","3581","博磊","半導體業","128171","152639","86783","-16.029979232044234","47.691368125093625","533331","443342","20.29787387614979","-"
"1150514","11504","3587","閎康","其他電子業","540737","538162","441300","0.47848045755738977","22.53274416496714","1965157","1679593","17.001976073965537","-"
"1150514","11504","3594","磐儀","電腦及週邊設備業","188847","225560","125591","-16.276378790565705","50.36666640125487","704544","516767","36.33687909638193","客戶需求增加,故出貨量較去年同期成長"
"1150514","11504","3597","映興","電子零組件業","83808","71445","66205","17.30422002939324","26.588626236689073","281958","267926","5.237267006561513","-"
"1150514","11504","3609","三一東林","電子零組件業","21760","26793","21362","-18.78475721270481","1.8631214305776613","105649","160613","-34.221389302235806","-"
"1150514","11504","3611","鼎翰","電腦及週邊設備業","1019050","1024084","1025579","-0.4915612391171037","-0.6366159993525609","3785464","3887217","-2.6176310712779864","-"
"1150514","11504","3615","安可","光電業","63239","74252","90472","-14.831923719226419","-30.1010257317181","266125","338827","-21.45696771508764","-"
"1150514","11504","3623","富晶通","光電業","20229","29220","27684","-30.770020533880903","-26.928912006935413","102220","100752","1.4570430363665237","-"
"1150514","11504","3624","光頡","電子零組件業","282455","285463","233495","-1.053726752678981","20.968329086275936","1010435","852490","18.52749005853441","-"
"1150514","11504","3625","西勝","電腦及週邊設備業","22866","45820","40358","-50.09602793539939","-43.34208830962882","143637","145342","-1.1730951823973799","-"
"1150514","11504","3628","盈正","其他電子業","277380","285478","245208","-2.836645906164398","13.120289713223059","1081579","943336","14.654693555636593","-"
"1150514","11504","3629","地心引力","文化創意業","7845","135","3","5711.111111111111","261400.0","15796","21","75119.04761904762","主係客戶行銷及活動專案增加致營收成長"
"1150514","11504","3630","新鉅科","光電業","225156","212481","234219","5.965239244920722","-3.869455509587181","870125","740969","17.430688733266845","-"
"1150514","11504","3631","晟楠","電子零組件業","2669","5367","1924","-50.27016955468604","38.72141372141372","11635","12481","-6.778303020591299","-"
"1150514","11504","3632","研勤","通信網路業","19105","30533","23408","-37.42835620476206","-18.382604237867398","89777","88032","1.9822337331879316","-"
"1150514","11504","3646","艾恩特","電子零組件業","69592","59700","59642","16.569514237855948","16.682874484423728","236881","224977","5.291207545660223","-"
"1150514","11504","3663","鑫科","其他電子業","473062","751102","470233","-37.01760879347945","0.60161664536517","2921922","1619170","80.45801243847156","本月貴金屬銷售金額佔合併營收比率為68%。"
"1150514","11504","3664","安瑞-KY","通信網路業","17125","16351","23413","4.733655433918415","-26.85687438602486","71844","169011","-57.49152422031702","本年營收較去年同期減少主係印度地區的營收減少所致。"
"1150514","11504","3666","光耀","光電業","44557","36009","43642","23.738509816990195","2.0966041886256357","143778","200160","-28.168465227817745","-"
"1150514","11504","3672","康聯訊","通信網路業","22630","33499","10283","-32.445744649094","120.0719634347953","81895","104542","-21.66306364905971","奧地利專案出貨"
"1150514","11504","3675","德微","半導體業","253869","238028","213157","6.65509940007058","19.099536961019343","938467","838417","11.933202690308045","-"
"1150514","11504","3680","家登","半導體業","885957","660536","580044","34.12698172393329","52.739619752984254","2750224","2288691","20.16580656803387","本月營收較去年同期增加，主要係光罩載具產品營收增加所致。"
"1150514","11504","3684","榮昌","通信網路業","101220","82509","100919","22.67752608806312","0.29825899979191234","358270","330073","8.542655715553831","-"
"1150514","11504","3685","元創精密","電機機械","161411","169195","92607","-4.600608765034428","74.29675942423358","518230","333466","55.407147955113864","本月及本年累計營收較去年同期增加，主係因金屬沖壓部門本期出貨量較去年同期成長所致。"
"1150514","11504","3687","歐買尬","數位雲端","162392","182176","146463","-10.859827858773933","10.875784327782444","645563","572577","12.746931853707013","-"
"1150514","11504","3689","湧德","電子零組件業","785768","730004","544494","7.638862252809574","44.31159939319809","2709675","2031726","33.36813133266986","-"
"1150514","11504","3691","碩禾","光電業","1008609","918616","382902","9.796585297882903","163.4117868279612","3517758","1276033","175.67923400100153","係因太陽能導電漿產品、AI伺服器液冷管接件及其零組件之加工與測試服務銷量增加所致。"
"1150514","11504","3693","營邦","電腦及週邊設備業","718177","682838","648209","5.17531244599744","10.7940494501002","2272515","3104727","-26.804675580171782","-"
"1150514","11504","3707","漢磊","半導體業","584544","542801","446198","7.690295338438949","31.005517729797084","2119274","1723515","22.962318285596584","-"
"1150514","11504","3709","鑫聯大投控","電腦及週邊設備業","4514482","4836632","4138299","-6.660626650942226","9.09028081344533","16324103","12956558","25.991046387474203","受惠AI PC換機浪潮與終端運算需求暢旺，在CPU與DRAM產品線銷售表現亮眼"
"1150514","11504","3710","連展投控","電子零組件業","647609","616407","595607","5.06191526053403","8.73092492197036","2445627","2321993","5.3244777223703945","-"
"1150514","11504","3713","新晶投控","綠能環保","31337","36359","19308","-13.812261063285568","62.30060078723845","109059","95972","13.636268911765931","綠電轉售電平台於去年底開始售電，使本期較去年同期增加"
"1150514","11504","4102","永日","生技醫療業","37294","45128","45148","-17.35951072504875","-17.39611942943209","160451","174086","-7.832335742104477","-"
"1150514","11504","4105","東洋","生技醫療業","518176","599723","439412","-13.597444153384146","17.924863226311526","2038664","1898262","7.3963446563224675","-"
"1150514","11504","4107","邦特","生技醫療業","193673","194159","182044","-0.25031031268187415","6.388016084023643","740111","700607","5.63853915247778","-"
"1150514","11504","4109","加捷生醫","生技醫療業","43828","63207","37228","-30.659578844115366","17.72859138283013","179089","169964","5.36878397778353","-"
"1150514","11504","4111","濟生","生技醫療業","127450","118444","119614","7.6035932592617606","6.551072616917752","484208","439220","10.24270297345294","-"
"1150514","11504","4113","聯上","建材營造","82","82","47345","0.0","-99.8268032527194","21960","520186","-95.77843309893","不動產於過戶時點認列營收，故波動較大。"
"1150514","11504","4114","健喬","生技醫療業","570412","562596","502452","1.3892740083470199","13.52567011376211","2198183","1955108","12.432817010620385","-"
"1150514","11504","4116","明基醫","生技醫療業","506925","448916","442901","12.922016591077172","14.455600687286775","1831532","1670859","9.616191432071767","-"
"1150514","11504","4120","友華","生技醫療業","395301","399048","375915","-0.9389847837854093","5.15701687881569","1544283","1532128","0.7933410263372251","-"
"1150514","11504","4121","優盛","生技醫療業","300936","316361","331346","-4.875759022129782","-9.177717552045294","1239246","1257114","-1.4213508082799173","-"
"1150514","11504","4123","晟德","生技醫療業","177331","147879","138163","19.91628290697124","28.349123860946854","643308","516182","24.628135037641762","-"
"1150514","11504","4126","太醫","生技醫療業","183417","235955","173758","-22.266110063359537","5.558880742181655","764987","778295","-1.709891493585337","-"
"1150514","11504","4127","天良","生技醫療業","68735","66717","41210","3.0247163391639313","66.79204076680418","267002","157680","69.33155758498225","本年度及本月整體營收較去年度及去年同期增加，主要係本年度電視媒體及諾得品牌系列商品銷售增長。"
"1150514","11504","4128","中天","生技醫療業","159888","169648","157082","-5.753088748467415","1.786328159814619","661521","613546","7.819299612416999","-"
"1150514","11504","4129","聯合","生技醫療業","534332","572605","479134","-6.684014285589543","11.520367997261726","2028685","1776305","14.20814556058785","-"
"1150514","11504","4130","健亞","生技醫療業","39598","33450","45934","18.3796711509716","-13.79370401010145","149981","177240","-15.379711126156623","-"
"1150514","11504","4131","浩泰","生技醫療業","27976","27349","22052","2.292588394456836","26.86377652820606","88449","91637","-3.4789440946342634","-"
"1150514","11504","4138","曜亞","生技醫療業","116653","126985","105492","-8.136394062290822","10.57994919045994","459429","456727","0.5916006717360699","-"
"1150514","11504","4139","馬光-KY","生技醫療業","91628","91456","92049","0.18806857942617214","-0.45736509902334627","345906","355506","-2.700376364955866","公告合併數為公司自結數"
"1150514","11504","4147","中裕","生技醫療業","47234","78431","38776","-39.7763639377287","21.81246131627811","213315","215017","-0.7915653180911276","每月營收受行銷夥伴每月因安全庫存調整當月進貨數量及CDMO生產時程影響而會有波動，但整年目標維持不變"
"1150514","11504","4153","鈺緯","生技醫療業","74131","89330","88231","-17.014440837344676","-15.980777731182918","297031","295341","0.572219908512533","-"
"1150514","11504","4154","樂威科-KY","其他","2443","2255","1226","8.337028824833704","99.26590538336052","7810","7714","1.244490536686544","泰國房屋租賃滿租故營收增加。"
"1150514","11504","4157","太景*-KY","生技醫療業","2280","1447","3663","57.5673807878369","-37.75593775593776","12620","14543","-13.222856357010246","-"
"1150514","11504","4160","訊聯基因","生技醫療業","52775","64717","49102","-18.452647681443825","7.480347032707425","202158","192471","5.032966005268326","-"
"1150514","11504","4161","聿新科","生技醫療業","64510","95076","57189","-32.14901762800286","12.801412859116263","288801","252910","14.191214265944406","-"
"1150514","11504","4162","智擎","生技醫療業","24007","154524","24532","-84.46390204757837","-2.1400619598891244","263802","211914","24.485404456524815","-"
"1150514","11504","4163","鐿鈦","生技醫療業","237464","218722","197401","8.568868243706623","20.295236599611957","860289","809532","6.269918916114496","-"
"1150514","11504","4166","友霖","生技醫療業","131042","107622","102726","21.76134990986973","27.564589295796583","462261","419629","10.159450371637805","-"
"1150514","11504","4167","松瑞藥","生技醫療業","95690","85351","118705","12.11350775034856","-19.38839981466661","329268","382566","-13.931713743510924","-"
"1150514","11504","4168","醣聯","生技醫療業","1900","0","665","","185.71428571428572","13954","14234","-1.9671209779401433","115年4月為委託研究收入。"
"1150514","11504","4171","瑞基","農業科技","20189","21574","19291","-6.419764531380365","4.655020475869576","72469","71758","0.9908302906992948","-"
"1150514","11504","4173","久裕","生技醫療業","122726","132992","105593","-7.719261308950914","16.225507372647808","534109","499395","6.9512109652679746","-"
"1150514","11504","4174","浩鼎","生技醫療業","3448","2638","5132","30.70507960576194","-32.813717848791896","9012","19590","-53.996937212863706","潤雅子公司提供CDMO之服務收入於滿足履約義務時認列，本月及本年累計完成履約義務較去年減少"
"1150514","11504","4175","杏一","生技醫療業","644402","682116","622161","-5.528971611866603","3.5747981631764127","2531751","2525511","0.24707871001155807","-"
"1150514","11504","4183","福永生技","生技醫療業","28297","18867","36541","49.98144909100546","-22.560958922853782","91680","156733","-41.505617834151074","-"
"1150514","11504","4188","安克","生技醫療業","2684","1920","2767","39.791666666666664","-2.999638597759306","9070","9548","-5.006284038542103","-"
"1150514","11504","4192","杏國","生技醫療業","1923","2115","2363","-9.078014184397164","-18.620397799407534","8045","7748","3.8332472896231287","-"
"1150514","11504","4198","欣大健康","生技醫療業","8465","13064","13772","-35.203612982241275","-38.5347081033982","48673","80186","-39.299877784151846","-"
"1150514","11504","4205","中華食","食品工業","167113","168752","157652","-0.9712477481748365","6.001192499936569","660009","641643","2.862339338230137","-"
"1150514","11504","4207","環泰","食品工業","496507","479396","437230","3.569283014459862","13.55739542117421","1893967","1794932","5.517479213697232","-"
"1150514","11504","4303","信立","塑膠工業","96345","94379","78172","2.0830905180177792","23.247454331474184","323984","302395","7.1393376213231035","-"
"1150514","11504","4304","勝昱","塑膠工業","31596","46805","32895","-32.494391624826406","-3.948928408572731","123955","127468","-2.755985816047949","-"
"1150514","11504","4305","世坤","塑膠工業","103582","90913","98372","13.93530078206637","5.296222502338064","337858","346778","-2.5722508348280457","-"
"1150514","11504","4401","東隆興","紡織纖維","348230","342230","343709","1.7532069076352161","1.3153568862031544","1225623","1279393","-4.202774284367665","-"
"1150514","11504","4402","郡都開發","紡織纖維","1963","1433","2314","36.98534542916958","-15.168539325842696","7018","9275","-24.334231805929917","訂單減少"
"1150514","11504","4406","新昕纖","紡織纖維","12406","20250","58915","-38.735802469135805","-78.94254434354579","89224","182635","-51.14627535795439","因應產業趨勢調整產業結構"
"1150514","11504","4413","飛寶企業","紡織纖維","60544","20414","84472","196.5807778975213","-28.326546074438866","179041","214945","-16.703807950871152","-"
"1150514","11504","4416","三圓","建材營造","7513","619114","8214","-98.78649166389388","-8.534209885561237","705785","32720","2057.0446210268947","3月份出售資產"
"1150514","11504","4417","金洲","紡織纖維","291945","214976","285600","35.80353155701101","2.221638655462185","971953","1092151","-11.00562101760654","-"
"1150514","11504","4419","皇家美食","觀光餐旅","229499","230912","235392","-0.6119214246119734","-2.5034835508428492","914514","899697","1.64688778555447","-"
"1150514","11504","4420","光明","紡織纖維","92351","97347","91908","-5.132156101369328","0.4820037428733081","321835","340160","-5.38717074317968","-"
"1150514","11504","4430","耀億","其他","201847","182207","181244","10.778949217099234","11.367548718854142","782265","735209","6.400356905315359","-"
"1150514","11504","4432","銘旺實","紡織纖維","53698","70559","47384","-23.896313723267053","13.32517305419551","291291","300271","-2.9906317959443305","-"
"1150514","11504","4433","興采","紡織纖維","165749","212471","199644","-21.98982449369561","-16.977720342209132","812766","979546","-17.02625502018282","-"
"1150514","11504","4442","竣邦-KY","紡織纖維","213746","164870","205130","29.645174986352885","4.200263247696583","650882","615215","5.797485431922174","-"
"1150514","11504","4502","健信","電機機械","107886","92948","91035","16.071351723544346","18.510463008732906","362432","290486","24.767458672707118","-"
"1150514","11504","4503","金雨","電機機械","70101","88840","50636","-21.092976136875283","38.441030097164074","231938","170249","36.234574065045905","-"
"1150514","11504","4506","崇友","電機機械","516685","691130","495376","-25.240548087913997","4.301581021284842","2336007","2088480","11.85201677775224","上列為本公司自結數"
"1150514","11504","4510","高鋒","電機機械","177297","145097","121643","22.192050834958682","45.751913385891505","621804","432971","43.61331359375108","-"
"1150514","11504","4513","福裕","電機機械","109828","85855","95529","27.922660299341914","14.96822954286133","514967","331122","55.52183183237598","因二月土地款科工段完成過戶入帳造成營收爆增，影響營收落差"
"1150514","11504","4523","永彰","電機機械","63352","90390","64814","-29.91260095143268","-2.2556855000462863","419448","225822","85.74275314185509","主係本期專案結案及工程收入認列所致。"
"1150514","11504","4527","方方土霖","電機機械","254790","259374","206202","-1.7673321150153831","23.563302004830216","826876","812215","1.8050639301170257","-"
"1150514","11504","4528","江興鍛","電機機械","124947","112396","155036","11.166767500622798","-19.40775045795815","478195","529258","-9.648035551659115","-"
"1150514","11504","4529","淳紳","其他","2569","629","449","308.4260731319555","472.1603563474388","3822","1787","113.87800783435927","本月加計新增子公司萊陽及金萊陽營業收入"
"1150514","11504","4530","宏易","觀光餐旅","72685","44242","21993","64.28958907825144","230.49152002910017","165528","92972","78.04070042593469","係為本公司自結數"
"1150514","11504","4533","協易機","電機機械","304006","281073","284960","8.159090343078132","6.683745087029759","1174130","1334948","-12.046761371978533","-"
"1150514","11504","4534","慶騰","電機機械","87446","89778","67667","-2.597518322974448","29.229905271402604","304720","267019","14.119219980600631","-"
"1150514","11504","4535","至興","電機機械","227210","219400","228067","3.559708295350957","-0.3757667702911864","819265","867597","-5.570789202821126","-"
"1150514","11504","4538","大詠城","電機機械","32200","30569","34258","5.335470574765285","-6.0073559460563954","121256","103852","16.7584639679544","-"
"1150514","11504","4541","晟田","其他","166583","184842","115132","-9.87816621763452","44.68870513844978","617837","458639","34.710960036106826","-"
"1150514","11504","4542","科嶠","電子零組件業","96222","113440","89606","-15.178067700987306","7.383434145034931","314330","282748","11.169663445895285","-"
"1150514","11504","4543","萬在","電機機械","75648","102889","69703","-26.476105317380867","8.52904466091847","321078","245852","30.598083399768967","-"
"1150514","11504","4549","桓達","電機機械","87619","112628","119203","-22.204957914550555","-26.49597745023196","353943","408848","-13.429196180487613","-"
"1150514","11504","4550","長佳","電機機械","41470","53866","67634","-23.012661047785244","-38.68468521749416","259838","260069","-0.08882258169947206","-"
"1150514","11504","4554","橙的","其他電子業","55638","49942","45553","11.405230066877579","22.139046824577964","169998","158622","7.171766841926089","-"
"1150514","11504","4556","旭然","其他","59240","57893","66073","2.3267061648213083","-10.341591875652687","227724","208309","9.320288609709614","-"
"1150514","11504","4558","寶緯","電機機械","252973","122094","136865","107.19527577112716","84.83396047199795","556805","532780","4.509365967190961","本月營收較去年同期增加，主係本月營建專案銷售入帳所致。"
"1150514","11504","4561","健椿","電機機械","129672","94359","105209","37.424093091279055","23.251813057818246","360616","320000","12.6925","-"
"1150514","11504","4563","百德","電機機械","261092","239183","221473","9.159931934961932","17.888862299241893","811690","1031225","-21.288758515357948","-"
"1150514","11504","4568","科際精密","電機機械","108966","61213","93466","78.0112067698038","16.583570496223224","388671","397576","-2.239823329376019","-"
"1150514","11504","4577","達航科技","其他電子業","66373","70434","40825","-5.765681347076696","62.5793018983466","277230","177315","56.34887065392099","本期較去年同期變動62.58%，主係設備產銷較去年同期增加 15,820仟元所致。"
"1150514","11504","4580","捷流閥業","電機機械","180901","206306","181063","-12.314232256938721","-0.08947162037522852","755122","718291","5.127587565485298","-"
"1150514","11504","4584","君帆","電機機械","89414","86433","120391","3.4489141878680596","-25.730328679054082","352232","476732","-26.11530167893072","-"
"1150514","11504","4609","唐鋒","居家生活","22856","7838","16565","191.60500127583566","37.977663748868096","40956","44121","-7.173454817433875","-"
"1150514","11504","4702","中美實","居家生活","5057","3921","6439","28.972200969140527","-21.462960086970025","29388","29563","-0.5919561614179887","-"
"1150514","11504","4706","大恭","化學工業","112068","126185","86663","-11.187542100883624","29.314701775844362","400570","353134","13.43286118017523","-"
"1150514","11504","4707","磐亞","化學工業","63451","109442","123976","-42.023172091153306","-48.81993289023682","367771","450698","-18.39968227061136","-"
"1150514","11504","4711","永純","化學工業","91020","79250","48076","14.85173501577287","89.32523504451285","278925","225904","23.470589276860967","客戶訂單需求增加"
"1150514","11504","4714","永捷","化學工業","203765","205691","103944","-0.9363559902961238","96.03344108366043","823883","420528","95.91632424000305","主要是增加營建收入"
"1150514","11504","4716","大立","化學工業","46536","64064","47542","-27.36013986013986","-2.116023726389298","181315","184625","-1.792823290453622","-"
"1150514","11504","4721","美琪瑪","化學工業","259188","249651","380403","3.8201329055361284","-31.864890655436472","1020532","860085","18.65478412017417","-"
"1150514","11504","4726","永昕","生技醫療業","106736","94564","26617","12.871705934605135","301.006875305256","303550","148333","104.64090930541417","本公司以提供CDMO技術服務為主，收入係以滿足履約義務認列，本月完成履約義務較去年同期增加。"
"1150514","11504","4728","雙美","生技醫療業","202149","225344","155854","-10.293151803464925","29.70408202548539","766972","710027","8.02011754482576","-"
"1150514","11504","4729","熒茂","光電業","101648","85075","91529","19.480458419042023","11.055512460531634","350182","365614","-4.2208449348219705","-"
"1150514","11504","4735","豪展","生技醫療業","107736","102276","74976","5.338495834799953","43.693982074263765","321787","273515","17.64875783777855","-"
"1150514","11504","4741","泓瀚","化學工業","51520","47556","42845","8.335436117419464","20.24740343097211","175167","159895","9.551268019637888","-"
"1150514","11504","4743","合一","生技醫療業","21656","14375","10730","50.6504347826087","101.82665424044734","58274","35947","62.11088547027568","本月及本年營收增加，主係客戶需求增加所致。"
"1150514","11504","4744","皇將","生技醫療業","49633","145361","68461","-65.85535322404222","-27.501789339916158","289587","349722","-17.195086382898417","-"
"1150514","11504","4745","合富-KY","生技醫療業","287479","258351","322578","11.274583802656077","-10.880779222389624","989622","1116898","-11.395490008935463","公司115年1-4月合併營業收入較去年同期下降11.40%，較115年1-3月合併營業收入下降幅度收斂0.2%，營收情況持續改善。"
"1150514","11504","4747","強生製藥","生技醫療業","46780","50384","46542","-7.153064464909495","0.5113660779510979","193373","193334","0.020172344233295746","-"
"1150514","11504","4749","新應材","半導體業","352635","432973","402516","-18.55496763077605","-12.392302417792088","1598328","1361832","17.366018715964966","-"
"1150514","11504","4754","國碳科","化學工業","63168","59038","51495","6.995494427317999","22.668220215554907","219701","246179","-10.755588413309015","-"
"1150514","11504","4760","勤凱科技","其他電子業","228860","247746","140320","-7.623130141354451","63.098631698973776","856322","552786","54.91021842087173","本月較去年同月份出貨量增加"
"1150514","11504","4767","誠泰科技","化學工業","80096","87327","95058","-8.280371477320875","-15.739864082980917","312457","352946","-11.471726553070441","-"
"1150514","11504","4768","晶呈科技","化學工業","173680","175782","59575","-1.1957993423672504","191.53168275283255","614925","230847","166.3777307047525","本月營收較去年同期增加乃因客戶需求增加"
"1150514","11504","4772","台特化","化學工業","285078","279573","91924","1.9690742668283419","210.12358034898395","1141663","311543","266.45438992370237","合併弘潔科技營業收入"
"1150514","11504","4804","大略-KY","觀光餐旅","13695","13458","13331","1.761034329023629","2.7304778336208835","44288","40916","8.241274806921497","-"
"1150514","11504","4806","桂田文創","文化創意業","7031","13931","8081","-49.52982556887517","-12.993441405766614","55220","24623","124.26186898428298","各業務團隊的整合開始發揮綜效，形塑娛樂產業一條龍的完整服務架構。"
"1150514","11504","4903","聯光通","通信網路業","118419","118694","82147","-0.23168820664903028","44.154990443960216","475542","279358","70.22673415474051","本月合併營收較去年增加，主係本期子公司工程合約收入較去年同期增加所致。"
"1150514","11504","4905","台聯電","通信網路業","84054","68246","63884","23.163262315740116","31.57285079206061","292735","214786","36.29147151117857","本月訂單增加"
"1150514","11504","4907","富宇","建材營造","1275185","999983","253662","27.520667851353473","402.7102995324487","2275168","622338","265.58397526745915","建案過戶入帳"
"1150514","11504","4908","前鼎","通信網路業","74046","90760","70507","-18.415601586602026","5.019359779880012","339489","282794","20.048162266526163","-"
"1150514","11504","4909","新復興","通信網路業","17071","20997","11878","-18.6979092251274","43.7194813941741","68764","130576","-47.33794878078667","-"
"1150514","11504","4911","德英","生技醫療業","11302","10635","25923","6.2717442407146216","-56.40165104347491","43519","106060","-58.96756552894588","公司行銷團隊建置中"
"1150514","11504","4923","力士","半導體業","80040","85262","70410","-6.1246510755084325","13.67703451214316","330603","261757","26.30149336980482","-"
"1150514","11504","4924","欣厚-KY","電腦及週邊設備業","69657","83443","75062","-16.521457761585754","-7.200714076363539","307411","247312","24.300883095037847","-"
"1150514","11504","4931","新盛力","電腦及週邊設備業","302908","283109","153462","6.9934194956712785","97.38306551458993","1094286","809973","35.10154042171776","因資料中心需求上升，故本月營收較去年同期增加。"
"1150514","11504","4933","友輝","光電業","237711","293057","253557","-18.885745776418922","-6.249482364912032","972905","998498","-2.5631498510763167","-"
"1150514","11504","4939","亞電","電子零組件業","142021","116999","130840","21.38650757698784","8.545551819015591","456447","466149","-2.0813087660812317","-"
"1150514","11504","4946","辣椒","文化創意業","21295","20875","34913","2.0119760479041915","-39.0055280268095","101182","153439","-34.0571823330444","-"
"1150514","11504","4950","金耘國際","鋼鐵工業","111168","99962","101704","11.21025989876153","9.305435381105955","380339","345739","10.007549047113574","-"
"1150514","11504","4951","精拓科","半導體業","44448","46250","44253","-3.8962162162162164","0.44064809165480306","175143","168845","3.730048269122568","-"
"1150514","11504","4953","緯軟","資訊服務業","1241094","1213819","933521","2.247040127070016","32.94762517393824","4639980","3575188","29.782825406663928","-"
"1150514","11504","4966","譜瑞-KY","半導體業","1268934","1477104","1318681","-14.093117343125467","-3.772481745016422","5260195","5471064","-3.854259427416678","-"
"1150514","11504","4971","IET-KY","半導體業","106295","109437","84873","-2.871058234417976","25.24006456705902","438449","355272","23.412202481478978","-"
"1150514","11504","4972","湯石照明","光電業","99330","67302","79980","47.58848176874387","24.193548387096776","316363","305577","3.5297159144830927","-"
"1150514","11504","4973","廣穎電通","半導體業","748842","868978","363340","-13.824976006297053","106.09952110970441","2826819","1552426","82.0904184804944","本月營收較去年同期增加係因市場價格上漲所致"
"1150514","11504","4974","亞泰","電子零組件業","374152","357750","328911","4.584765897973445","13.754784728999638","1325415","1430702","-7.35911461646101","-"
"1150514","11504","4979","華星光","通信網路業","412778","451568","383150","-8.590068383942175","7.73274174605246","1606256","1450056","10.771997771120564","-"
"1150514","11504","4987","科誠","電腦及週邊設備業","122570","115328","110409","6.279481132075472","11.01450062947767","437804","392265","11.609243751035653","-"
"1150514","11504","4991","環宇-KY","半導體業","243926","338030","145261","-27.8389492056918","67.9225669656687","958678","618458","55.01101125702958","自有光電元件產品的AI數據中心客戶需求持續成長，晶圓代工訂單需求亦持續穩健，致本月銷量較去年同期增加68%。"
"1150514","11504","4995","晶達","光電業","107656","131110","116569","-17.888795667759897","-7.646115176419117","451149","427090","5.63323889578309","-"
"1150514","11504","5009","榮剛","鋼鐵工業","1038706","1031763","1041326","0.6729258560347676","-0.25160228401096296","3915983","4077518","-3.9616011505038116","-"
"1150514","11504","5011","久陽","鋼鐵工業","361317","394240","456840","-8.351004464285714","-20.909508799579722","1529323","1862418","-17.885082725789808","-"
"1150514","11504","5013","強新","鋼鐵工業","781805","784265","691320","-0.3136694867168623","13.088728808655905","2683641","2619495","2.4487926107894844","-"
"1150514","11504","5014","建錩","鋼鐵工業","1502320","1536957","1381254","-2.253608916840224","8.764933893404109","5150845","4645132","10.886945731574475","-"
"1150514","11504","5015","華祺","鋼鐵工業","103234","119686","128870","-13.745968617883461","-19.89291534104136","380835","539171","-29.366564596389644","-"
"1150514","11504","5016","松和","鋼鐵工業","195196","213450","184052","-8.551885687514641","6.054810597005194","687798","688224","-0.06189845166689915","-"
"1150514","11504","5201","凱衛","資訊服務業","16467","18470","27355","-10.844612885760693","-39.80259550356425","77597","98816","-21.473243199481864","-"
"1150514","11504","5202","力新","資訊服務業","12560","10043","13458","25.06223240067709","-6.6726110863426955","42446","44644","-4.923393961114596","-"
"1150514","11504","5205","中茂","綠能環保","1067","1442","1710","-26.005547850208046","-37.60233918128655","8831","5879","50.212621194080626","係因本期清運收入較同期滅少"
"1150514","11504","5206","坤悅","建材營造","479240","1657366","668332","-71.08423848443856","-28.29312377680554","2163626","1832354","18.079039312272627","本期營業收入較去年減少，主要係因上期「君匯」及「心里程」完工交屋過戶認列收入所致。"
"1150514","11504","5209","新鼎","其他","285106","296742","394543","-3.921251457495063","-27.73766104074841","1126189","1489300","-24.381320083260594","-"
"1150514","11504","5210","寶碩","資訊服務業","20177","22401","18107","-9.928128208562118","11.432042856353897","85760","85700","0.07001166861143523","-"
"1150514","11504","5211","蒙恬","資訊服務業","21645","22164","16958","-2.34163508391987","27.638872508550538","79665","58616","35.90999044629453","-"
"1150514","11504","5212","凌網","資訊服務業","79785","85161","66276","-6.312748793461796","20.38294405214557","328458","301113","9.081308346036206","-"
"1150514","11504","5213","亞昕","建材營造","2063645","516283","1805521","299.7119796700647","14.296372072105504","3314320","9580432","-65.40531783952957","認列1個工案、餘屋及租金收入"
"1150514","11504","5220","萬達光電","光電業","95762","101850","72196","-5.977417771232204","32.64169760097512","364005","283482","28.404978093847227","-"
"1150514","11504","5223","安力-KY","電腦及週邊設備業","177754","162549","183614","9.354102455259644","-3.191477774025946","620178","630596","-1.652087866082246","-"
"1150514","11504","5227","立凱-KY","電子零組件業","5134","11120","37831","-53.830935251798564","-86.42911897650076","55320","232042","-76.15948836848501","因需求減少，營業收入減少"
"1150514","11504","5228","鈺鎧","電子零組件業","68948","81255","42553","-15.146144852624454","62.02852912838108","249575","164465","51.74961237953364","訂單回溫"
"1150514","11504","5230","雷笛克光學","光電業","113096","108203","118728","4.522055765551787","-4.743615659322148","418172","420203","-0.48333781529403647","-"
"1150514","11504","5236","凌陽創新","半導體業","186962","234713","145998","-20.344420632858","28.05791860162468","774235","651532","18.832996690876275","-"
"1150514","11504","5245","智晶","光電業","71639","56940","84640","25.81489286968739","-15.360349716446125","243574","298313","-18.349518794018362","-"
"1150514","11504","5251","天鉞電","光電業","24832","38841","17883","-36.06755747792281","38.85813342280378","113875","114891","-0.8843164390596304","-"
"1150514","11504","5263","智崴","文化創意業","162457","159219","100318","2.033676885296353","61.942024362527164","491032","359248","36.68329399189418","因增加新訂單，本月依工程進度認列營收，致2026年4月營收較去年同期增加。"
"1150514","11504","5272","笙科","半導體業","29825","26660","38084","11.87171792948237","-21.68627245037286","99135","123402","-19.664997325813196","-"
"1150514","11504","5274","信驊","半導體業","1279040","1235429","704344","3.5300288401842597","81.593085197006","4425797","2769462","59.80710332909424","本月及本年增減百分比達50%以上者，主係伺服器晶片營收較去年同期成長所致。"
"1150514","11504","5276","達輝-KY","其他","94037","87279","53382","7.7429851396097575","76.15863024989697","341083","289770","17.708182351520172","基期較低"
"1150514","11504","5278","尚凡*","數位雲端","224193","244172","189619","-8.182346870239012","18.233404880312627","853070","727246","17.30143582776667","-"
"1150514","11504","5287","數字","數位雲端","193668","196410","202500","-1.3960592637849396","-4.361481481481482","744333","748468","-0.5524618286954152","-"
"1150514","11504","5289","宜鼎","電腦及週邊設備業","6670833","5672453","976538","17.600498408713126","583.1104370746453","19853441","3595280","452.20847889455064","本月營收較去年同期增加係因出貨量增加及銷售單價上漲所致"
"1150514","11504","5291","邑昇","電子零組件業","151903","116514","89642","30.373174039171257","69.45516610517392","473934","346786","36.664686579042986","主要為客戶需求增加所致。"
"1150514","11504","5299","杰力","半導體業","143582","142389","144021","0.8378456200970581","-0.30481665868172003","530192","550244","-3.64420148152456","-"
"1150514","11504","5301","寶得利","觀光餐旅","12836","21656","23200","-40.727742888806794","-44.672413793103445","70747","75799","-6.664995580416628","-"
"1150514","11504","5302","太欣","半導體業","1718","2350","1454","-26.893617021276597","18.15680880330124","8498","4240","100.4245283018868","本年累計營收較去年同期成長主要係提供技術服務予關係人。"
"1150514","11504","5309","系統電","電子零組件業","305058","291659","283380","4.594063615386462","7.6497988566589035","1168393","1156767","1.0050425020769091","-"
"1150514","11504","5310","天剛","資訊服務業","3","16","189","-81.25","-98.41269841269842","127","283","-55.12367491166078","本月及本年營收減少係因資訊系統整合業務銷售量較去年減少所致"
"1150514","11504","5312","寶島科","生技醫療業","364919","413380","320244","-11.72311190672021","13.950300395948089","1490224","1333781","11.729286891926035","單月營收及累計營收創同期歷史新高"
"1150514","11504","5314","世紀*","其他","493736","449818","206909","9.763504350648484","138.62470941331696","1776730","679430","161.5030245941451","本月主要成長係生技產品營收增加及子公司營收增加，致本月及本年度營收較去年同期增加。"
"1150514","11504","5315","光聯","光電業","163952","163834","173474","0.07202412197712318","-5.4890069981668725","629804","672697","-6.3762734187903325","-"
"1150514","11504","5321","美而快","數位雲端","177285","170293","227526","4.105864598075082","-22.081432451675852","750288","975741","-23.105824189000973","-"
"1150514","11504","5324","士開","建材營造","56978","65735","109588","-13.32167034304404","-48.007081067270136","233958","348498","-32.86675963707109","-"
"1150514","11504","5328","華容","電子零組件業","93873","87058","82796","7.8281145902731515","13.378665636021063","328308","290514","13.009355831388504","-"
"1150514","11504","5340","建榮","電子零組件業","225436","223796","205519","0.732810237895226","9.691074791138533","854844","720682","18.615977643398892","-"
"1150514","11504","5344","立衛","半導體業","31667","33451","28601","-5.333173896146603","10.719904898430125","122572","100385","22.101907655526222","-"
"1150514","11504","5345","馥鴻","其他","4127","2616","623","57.75993883792049","562.4398073836276","10861","2383","355.7700377675199","主係產品線成熟且結合經銷商銷售動能，導致較去年同期增加。"
"1150514","11504","5347","世界","半導體業","4026468","4940712","3674525","-18.504296546732537","9.577918234329607","16558097","15623856","5.9795802009439925","-"
"1150514","11504","5348","正能量智能","運動休閒","26463","24289","19503","8.950553748610481","35.686817412705736","93245","73112","27.53720319509793","-"
"1150514","11504","5351","鈺創","半導體業","1333096","1102522","257821","20.913324178565144","417.06261320838877","4068508","884951","359.7438728245971","本月營收及本年累計營收皆較去年同期增加，主係市場需求增加所致。"
"1150514","11504","5353","台林","通信網路業","142583","167961","120726","-15.10945993415138","18.10463363318589","567594","565554","0.36070826128009","-"
"1150514","11504","5355","佳總","電子零組件業","50192","45586","48959","10.10397929188786","2.51843379153986","169152","166293","1.719254568743122","-"
"1150514","11504","5356","協益","電腦及週邊設備業","296594","282045","300335","5.158396709744899","-1.2456090698719764","1076528","1170423","-8.022313300405067","-"
"1150514","11504","5364","力麗店","觀光餐旅","5735","7055","25707","-18.710134656272146","-77.69090131092699","65069","96105","-32.29384527339889","主係因調整旗下飯店營運結構，結束花蓮分公司及子公司力麗明池合作經營，致使力麗觀光及子公司合併營收下降所致。"
"1150514","11504","5371","中光電","光電業","3171168","3282673","2715350","-3.396774518814393","16.78671257848896","12533069","11189253","12.009881267319633","-"
"1150514","11504","5381","光譜","電子零組件業","249323","125264","223961","99.03803167709798","11.324293068882529","706585","896167","-21.154762449409542","-"
"1150514","11504","5386","青雲","電腦及週邊設備業","2535400","3260949","501804","-22.249627332411517","405.25703262628434","11148891","1748510","537.622375622673","本期及累計營收增加主要係記憶體模組、顯卡及伺服器銷售成長所致"
"1150514","11504","5392","能率","光電業","788425","748007","772925","5.4034253690139264","2.0053692143480935","2926503","2857958","2.3983907391221284","-"
"1150514","11504","5398","慕康生醫","其他","11530","9305","21633","23.911875335840946","-46.70179817870846","40684","47483","-14.318808836846872","-"
"1150514","11504","5403","中菲","資訊服務業","282542","267709","306373","5.540717719613461","-7.778426950155529","1051767","1153513","-8.820533448691085","-"
"1150514","11504","5410","國眾","資訊服務業","599444","778295","269686","-22.9798469731914","122.27479364891022","2218903","1609163","37.89174869171116","本月營收較去年同期大幅增加，主要係本月專案收入增加所致。"
"1150514","11504","5425","台半","半導體業","1641686","1604058","1600012","2.34580046357426","2.604605465459009","6032981","6113415","-1.315696709613203","-"
"1150514","11504","5426","振發","電腦及週邊設備業","197653","138454","159873","42.757161223222155","23.631257310490202","697326","639008","9.126333316640793","-"
"1150514","11504","5432","新門","綠能環保","9054","18778","11001","-51.78400255618277","-17.698391055358602","50431","49145","2.6167463628039473","-"
"1150514","11504","5438","東友","電腦及週邊設備業","67663","59434","155199","13.845610256755393","-56.40242527335872","233670","455292","-48.67689307082048","主係轉換機種後市場反應不佳，已補強上網功能"
"1150514","11504","5439","高技","電子零組件業","950129","913646","753137","3.9931220625931707","26.15619734523732","3487865","2177376","60.1866191232015","115年4月營收淨額較去年同期增加196,992仟元，因客戶需求增加"
"1150514","11504","5443","均豪","半導體業","422226","405056","339298","4.23892005056091","24.441051818755195","1450370","1170856","23.872619690209557","-"
"1150514","11504","5450","南良","其他","246980","236895","226343","4.257160345300661","9.117578188854967","847192","825454","2.633459889951469","-"
"1150514","11504","5452","佶優","其他電子業","481026","424991","451652","13.184985093801986","6.503679824289497","1587673","1804262","-12.0042987104977","-"
"1150514","11504","5455","昇益","建材營造","262","6832","1704390","-96.16510538641687","-99.98462793140068","7627","1991391","-99.61700138245077","本年營收較去年減少係因去年個案交屋認列收入，且交屋量體較大，故與去年同期營收相比較變動減少幅度較大。"
"1150514","11504","5457","宣德","電子零組件業","1961579","1890764","2079772","3.745311419087734","-5.682978711127951","7093987","7444444","-4.707631624336217","-"
"1150514","11504","5460","同協","電子零組件業","20038","27466","21436","-27.044345736547005","-6.521739130434782","89953","79117","13.696171492852358","-"
"1150514","11504","5464","霖宏","電子零組件業","124140","120732","87116","2.822781035682338","42.4996556315717","414963","330237","25.656119695854795","-"
"1150514","11504","5465","富驊","電腦及週邊設備業","299421","289103","634526","3.5689702286036464","-52.811862713269434","1371966","2203224","-37.72916417032494","訂單減少"
"1150514","11504","5468","凱鈺","半導體業","11697","29181","9824","-59.91569857098797","19.065553745928337","59860","39071","53.20826188221443","認列建案營收所致"
"1150514","11504","5474","聰泰","電腦及週邊設備業","104641","81535","117641","28.338750229962592","-11.050569104308872","394086","405822","-2.8919082750565517","-"
"1150514","11504","5475","德宏","電子零組件業","158740","138614","71962","14.519456909114519","120.58864400655902","479501","238348","101.17685065534428","市場價格及需求數量上漲"
"1150514","11504","5478","智冠","文化創意業","561540","646243","507070","-13.106989166613797","10.74210661249926","2491517","2118779","17.59211319349493","因IFRS15，MyCard屬代理性質營收採淨額，若總額本期為32.51億，較上期減少3.45%，較去年同期增加46.32%"
"1150514","11504","5481","新華","其他","7338","6857","7394","7.014729473530698","-0.7573708412226129","29336","31639","-7.278991118556212","-"
"1150514","11504","5483","中美晶","半導體業","6699351","7371903","6716811","-9.123180269734965","-0.2599447862981406","26081144","26090059","-0.03417010287328212","-"
"1150514","11504","5487","通泰","半導體業","16021","16357","16650","-2.054166411933729","-3.7777777777777777","53335","60850","-12.350041084634347","-"
"1150514","11504","5488","松普","電子零組件業","101515","88157","52518","15.152511995644135","93.29563197379946","338203","245077","37.99866980581613","因銅價上漲產品售價提高及本期出口較去年同期成長所致。"
"1150514","11504","5489","彩富","其他電子業","167177","165443","150546","1.0480951143294066","11.047121809945134","565588","504725","12.058645797216306","-"
"1150514","11504","5490","同亨","電腦及週邊設備業","139803","139530","105170","0.19565684798967964","32.93049348673576","580678","526293","10.333597444769358","-"
"1150514","11504","5493","三聯","其他電子業","498197","582608","447266","-14.488472523549282","11.387183465767574","1969864","1704051","15.598887591979349","-"
"1150514","11504","5498","凱崴","電子零組件業","171047","161423","110610","5.961975678806613","54.63972516047374","618709","411690","50.28516602297845","主係鑽針收入成長，因AI產品暢旺，對鑽針的消耗大幅增加，鑽針需求量及價格皆有所提升。"
"1150514","11504","5508","永信建","建材營造","227222","360005","159252","-36.88365439368898","42.6807826589305","967239","1068962","-9.51605389153216","-"
"1150514","11504","5511","德昌","建材營造","808403","879053","773662","-8.037058061345562","4.4904622432018115","3214034","2662117","20.732259325942472","-"
"1150514","11504","5512","力麒","建材營造","422670","850169","613870","-50.284002357178395","-31.146659716226562","2104695","2317166","-9.169433696161605","-"
"1150514","11504","5514","三豐","建材營造","2120","529395","461","-99.59954287441325","359.86984815618223","668619","1906","34979.69569779643","本月營收因認列委建收入，致使較去年同期增加。本年累計營收因委建及三豐AIT完工認列收入，致使本年累計營收較去年同期增加。"
"1150514","11504","5516","雙喜","建材營造","119056","178625","151432","-33.34863540937719","-21.379893285435045","683453","535142","27.71432629096576","-"
"1150514","11504","5520","力泰","建材營造","315132","304345","341031","3.5443329116627513","-7.594324269641176","1223257","1298471","-5.792505184944446","-"
"1150514","11504","5523","豐謙","建材營造","373","373","372","0.0","0.26881720430107525","1510","1505","0.33222591362126247","本月營收僅認列租賃收入所致。"
"1150514","11504","5529","鉅陞","建材營造","176237","3904","4950","4414.267418032787","3460.343434343434","488804","19668","2385.2755745373197","增減百分比達50％之原因：主係因本月認列交屋收入"
"1150514","11504","5530","龍巖","其他","393180","430782","311726","-8.728776968397009","26.129998780980735","1456907","1470299","-0.9108351430559363","-"
"1150514","11504","5536","聖暉*","其他電子業","4088049","5192188","3549566","-21.2653894658668","15.170389844843003","15691231","12105589","29.619723583875185","-"
"1150514","11504","5543","桓鼎-KY","建材營造","267623","274216","257251","-2.4043090118738513","4.031859934460896","1132831","1038163","9.118799263699438","-"
"1150514","11504","5547","久舜","建材營造","275126","139588","179068","97.09860446456716","53.64330868720263","763459","713769","6.961636047516774","新建工程投入較去年同期增加所致。"
"1150514","11504","5548","安倉","建材營造","189352","241052","173757","-21.447654448002922","8.975177978441156","854930","762595","12.107999659058871","-"
"1150514","11504","5601","台聯櫃","航運業","7914","7597","7864","4.172699749901277","0.6358087487283826","30887","30718","0.5501660264340126","-"
"1150514","11504","5603","陸海","航運業","104434","123839","121871","-15.669538675215401","-14.307751639028153","460079","468592","-1.816719022091713","-"
"1150514","11504","5604","中連","其他","13702","13539","13157","1.2039293891720215","4.14228167515391","54613","52562","3.902058521365245","-"
"1150514","11504","5609","中菲行","航運業","2840176","2641274","2535749","7.530532614185427","12.005407475266678","9891140","9527227","3.8197158522621537","-"
"1150514","11504","5701","劍湖山","觀光餐旅","38901","42115","44570","-7.631485219043096","-12.71931792685663","166286","186993","-11.073676554737343","-"
"1150514","11504","5703","亞都麗緻","觀光餐旅","35866","44841","33296","-20.01516469302647","7.718644882268141","169640","150121","13.002178242884073","-"
"1150514","11504","5704","老爺知","觀光餐旅","909","845","21385","7.57396449704142","-95.74935702595278","100207","95189","5.271617518830958","因本公司自115年3月起，暫停營業進行整修工程。"
"1150514","11504","5864","致和證","金融業","1843007","-588535","-95139","413.1516392398073","2037.1729784841127","3548123","-521821","779.9502128124395","主要係營業證券評價故"
"1150514","11504","5878","台名","金融業","94794","73739","98595","28.553411356270086","-3.8551650692225774","317225","318406","-0.37091009591527796","-"
"1150514","11504","5902","德記","居家生活","174059","186141","211009","-6.490778495871409","-17.511101422214217","693829","800078","-13.279830216553886","-"
"1150514","11504","5903","全家","居家生活","9576329","9568800","8780773","0.07868280244126745","9.06020460840976","37334071","34064634","9.59774586158771","-"
"1150514","11504","5904","寶雅","居家生活","2247875","2306230","1926559","-2.5303200461359014","16.67823305696841","9342532","8222487","13.621730262388983","-"
"1150514","11504","5905","南仁湖","觀光餐旅","628693","430332","79948","46.09487558443249","686.3773953069496","1251108","307198","307.26437021074355","本公司建案已完工，陸續交屋入帳。"
"1150514","11504","6015","宏遠證","金融業","547898","131653","-13269","316.1682605029889","4229.158188258347","1354211","162726","732.2032127625579","本月份及本期因經紀手續費收入及部位操作均較去年同期增加所致"
"1150514","11504","6016","康和證","金融業","2753746","-140687","-268060","2057.356401088942","1127.2871745131688","5096929","-108371","4803.222264258889","主係經紀手續費收入及自營操作利益較去年同期增加。"
"1150514","11504","6020","大展證","金融業","433249","-18910","-19356","2391.1105235325226","2338.3188675346146","625814","-25256","2577.8824833702884","自營部門營業證券出售淨利益本月及本年累積較去年同期增加"
"1150514","11504","6021","美好證","金融業","1136389","-495411","21391","329.38307788886397","5212.463185451826","1739589","-125889","1481.8435288230107","主係本月營業證券評價利益相較去年同期上升，故營業收入增加"
"1150514","11504","6023","元大期貨","金融業","328317","522959","390133","-37.21936136484887","-15.844852909136115","1532205","1283506","19.376535832321782","-"
"1150514","11504","6026","福邦證","金融業","276970","11950","-76574","2217.7405857740587","461.70240551623266","524542","109106","380.76366102689127","本月(年)較同期增幅達 462%(381%)，主要係承銷業務收入、營業證券出售及評價之金額差異所致。"
"1150514","11504","6028","公勝保經","金融業","532113","605003","363535","-12.047874142772846","46.37187616047974","2024948","1700584","19.073682923042906","-"
"1150514","11504","6101","寬魚國際","文化創意業","83346","513783","133959","-83.77797630517163","-37.782455826036326","687932","227113","202.90296020042885","本年營收較去年遽增,主係因本年認列孫燕姿香港啟德演唱會票房收入所致。"
"1150514","11504","6103","合邦","半導體業","5681","8436","5184","-32.65765765765766","9.587191358024691","31445","31739","-0.9263051765966162","-"
"1150514","11504","6104","創惟","半導體業","362531","360310","390882","0.616413643806722","-7.2530840509412045","1394207","1423127","-2.0321447066916725","-"
"1150514","11504","6109","亞元","通信網路業","76601","70195","64584","9.126006125792435","18.606775671993063","282334","222635","26.814741617445595","-"
"1150514","11504","6111","光聚晶電","文化創意業","1078433","1001554","432318","7.675971540226488","149.45364292025778","4037199","1724633","134.09032530399222","新增子公司光罩(股票代號:2338)營收"
"1150514","11504","6113","亞矽","電子通路業","78008","95841","62827","-18.606859277344768","24.163178251388736","295198","225991","30.623785902978437","-"
"1150514","11504","6114","久威","電子零組件業","82876","69228","94950","19.714566360432194","-12.716166403370195","280263","349223","-19.746694805324964","-"
"1150514","11504","6118","建達","電子通路業","732009","833004","896523","-12.124191480473083","-18.350226374560386","3277108","3144337","4.222543575958938","-"
"1150514","11504","6121","新普","電腦及週邊設備業","6908842","6866112","6617803","0.6223318233084458","4.3978190345043515","25378029","24994547","1.534262653369953","-"
"1150514","11504","6122","擎邦","電機機械","287379","349062","339443","-17.671072760712995","-15.338068541699196","1128367","1256577","-10.203115288597516","-"
"1150514","11504","6123","上奇","資訊服務業","361548","381575","384484","-5.248509467339317","-5.965397779881608","1499307","1658611","-9.604663179009425","-"
"1150514","11504","6124","業強","電子零組件業","197914","200244","209351","-1.1635804318731149","-5.463073976240858","660038","581840","13.439777258352812","-"
"1150514","11504","6125","廣運","光電業","341274","323098","217683","5.625537762536444","56.77567839472995","1143587","831204","37.581989499569296","本月增加主要係依完比法認列自動化、半導體設備收入及子公司液冷散熱系統完工比例收入增加。"
"1150514","11504","6126","信音","電子零組件業","509881","504528","343773","1.0609916595312847","48.31909428605504","1818154","1230300","47.781354141266355","-"
"1150514","11504","6127","九豪","電子零組件業","87526","91808","96825","-4.664081561519693","-9.603924606248386","330299","348951","-5.345163074471774","以上資訊係屬初步自行結算完成，未經會計師簽證或核閱"
"1150514","11504","6129","普誠","半導體業","134841","143772","104724","-6.211918871546615","28.758450784920363","466198","310140","50.31856580898949","本月營業收入淨額含少數股權5,772仟元，本年累計營業收入淨額含少數股權21,556仟元。"
"1150514","11504","6130","上亞科技","生技醫療業","14762","14283","15711","3.3536371910663028","-6.040353892177455","54097","55402","-2.3555106313851484","-"
"1150514","11504","6134","萬旭","電子零組件業","215556","185797","147792","16.01694322297992","45.85092562520299","781356","523700","49.199159824326905","-"
"1150514","11504","6138","茂達","半導體業","682716","674752","599759","1.1802854974864838","13.831722408500747","2661720","2375557","12.046143283448892","-"
"1150514","11504","6140","訊達電腦","資訊服務業","145783","165035","234042","-11.665404308177054","-37.71075277087019","511173","729110","-29.890825801319416","-"
"1150514","11504","6143","振曜","通信網路業","730867","737092","640005","-0.8445350105549918","14.197076585339177","2732897","2238920","22.063182248584138","-"
"1150514","11504","6144","得利影","文化創意業","13196","13175","13667","0.15939278937381404","-3.4462574083558937","51587","58107","-11.220679092019894","-"
"1150514","11504","6146","耕興","其他電子業","410109","410097","374041","0.0029261369871030514","9.64279316973273","1601424","1494431","7.159447308038979","-"
"1150514","11504","6147","頎邦","半導體業","2185380","2034617","1760321","7.409895818230163","24.146675521112343","7941067","6902858","15.04027751983309","-"
"1150514","11504","6148","驊宏資","資訊服務業","35550","60670","105967","-41.404318444041536","-66.45181990619722","155039","276671","-43.96268492180243","本月同期減少原因：係114/04金融機構專案交貨、驗收"
"1150514","11504","6150","撼訊","電腦及週邊設備業","235231","426514","757991","-44.84800030010738","-68.96651807211431","1800490","2433693","-26.01819539276318","顯示卡市場需求減少"
"1150514","11504","6151","晉倫","其他電子業","203573","162405","158609","25.3489732458976","28.348958760221677","621436","572201","8.604493875403923","-"
"1150514","11504","6154","順發","電子通路業","300733","348032","300501","-13.590416973151894","0.07720440198202336","1347652","1291070","4.382566398413719","-"
"1150514","11504","6156","松上","電子零組件業","505437","496579","439727","1.783804792389529","14.943362586331974","1891323","1818833","3.9855225850861515","-"
"1150514","11504","6158","禾昌","電子零組件業","159080","164199","174043","-3.1175585722202936","-8.597300667076526","572838","614307","-6.7505335280242615","-"
"1150514","11504","6160","欣技","電腦及週邊設備業","101929","114201","95049","-10.745965446887505","7.2383717871834525","367156","365698","0.39868962914754796","-"
"1150514","11504","6161","捷波","電腦及週邊設備業","133438","141230","112713","-5.517241379310345","18.387408728363187","482507","412840","16.87506055614766","-"
"1150514","11504","6163","華電網","通信網路業","334249","742703","410597","-54.99560389550062","-18.59438817136998","2158789","1657601","30.235744307586685","-"
"1150514","11504","6167","久正","光電業","82759","111630","109339","-25.863119233181045","-24.309715654981296","398868","361889","10.21832661396174","-"
"1150514","11504","6169","昱泉","文化創意業","33","78","3259","-57.69230769230769","-98.9874194538202","186","14599","-98.72594013288581","主係授權收入減少所致"
"1150514","11504","6170","統振","通信網路業","257207","282387","261074","-8.916841072712272","-1.4811892413645174","1080457","1078932","0.1413434766973266","-"
"1150514","11504","6171","大城地產","建材營造","69922","33","33","211784.84848484848","211784.84848484848","105473","15857","565.1510373967333","本月及本年累計營收較去年增加，主要係因本期「大城二月埕」交屋認列收入所致"
"1150514","11504","6173","信昌電","電子零組件業","419113","370763","348210","13.040675579817835","20.36213779041383","1437446","1289513","11.472005322939745","-"
"1150514","11504","6174","安碁","電子零組件業","69084","60886","51129","13.464507440134021","35.11705685618729","234887","194905","20.513583540699315","-"
"1150514","11504","6175","立敦","電子零組件業","458207","420427","395486","8.98610222464304","15.859221312511695","1576646","1467768","7.417929809070643","-"
"1150514","11504","6179","亞通","其他","545135","660784","321874","-17.501785757524395","69.36285627295153","1991361","1286673","54.76822782478532","係因本期&#12079;程投&#12042;較去年同期增加所致"
"1150514","11504","6180","橘子","文化創意業","658997","645349","781922","2.1148246917559335","-15.72087752998381","3249983","3664965","-11.322945785293994","-"
"1150514","11504","6182","合晶","半導體業","865025","888445","839795","-2.6360663856513344","3.004304621961312","3346700","3129317","6.946659606553124","-"
"1150514","11504","6185","幃翔","電子零組件業","68193","51165","57677","33.28056288478452","18.232571042183192","222162","183293","21.205938033640127","-"
"1150514","11504","6186","新潤","建材營造","316862","3341737","1993261","-90.51804495685926","-84.10333619129658","3658599","4242261","-13.758276541683786","認列建案營收"
"1150514","11504","6187","萬潤","半導體業","613353","531063","486261","15.495336711463612","26.136580971947165","2024797","1721606","17.610940017634697","-"
"1150514","11504","6188","廣明","電腦及週邊設備業","581266","801793","753818","-27.5042311419531","-22.89040590699612","2752628","3195297","-13.853766958126272","-"
"1150514","11504","6190","萬泰科","通信網路業","1017386","931168","728479","9.25912402488058","39.65893320191797","3508902","2991101","17.31138467072827","-"
"1150514","11504","6194","育富","電子零組件業","91235","85652","140101","6.51823658525195","-34.87912291846597","355414","497575","-28.570768225895595","-"
"1150514","11504","6195","詩肯","居家生活","165173","174205","171188","-5.184696191268907","-3.5136808654812253","869259","762227","14.042011106927465","-"
"1150514","11504","6198","瑞築","建材營造","22","22","22","0.0","0.0","88","59","49.152542372881356","-"
"1150514","11504","6199","天品","其他","61922","180918","10037","-65.7734443228424","516.9373318720733","338587","31836","963.5349918331449","主係伺服器潔淨較去年本月增加53,651仟元，較去年累計增加172,981仟元;殯葬部份較去年累計增加133,859仟元。"
"1150514","11504","6203","海韻電","電子零組件業","179458","129814","251194","38.24240836889704","-28.55800695876494","721625","936516","-22.945790568447308","-"
"1150514","11504","6204","艾華","電子零組件業","41183","31098","38455","32.42973824683259","7.094005981016773","128872","130981","-1.610157198372283","-"
"1150514","11504","6207","雷科","電子零組件業","126657","157466","122251","-19.565493503359455","3.60406049848263","399685","402062","-0.5912023518760788","-"
"1150514","11504","6208","日揚","半導體業","286825","267739","281556","7.128584180862706","1.871386154086576","1039652","1124512","-7.5463845650379895","-"
"1150514","11504","6210","慶生","電子零組件業","32040","45891","26860","-30.182388703667385","19.28518242740134","137099","96327","42.326658153996284","-"
"1150514","11504","6212","理銘","建材營造","96871","102013","122800","-5.040534049581916","-21.114820846905538","312424","978198","-68.06127184884859","累計營收較去年減少，主要係去年度交屋量較多"
"1150514","11504","6217","中探針","電子零組件業","358883","358679","293580","0.056875367668583886","22.243681449690033","1437608","1083872","32.63632606064185","無"
"1150514","11504","6218","豪勉","通信網路業","109240","111138","54909","-1.7077867156148212","98.94734925057823","520052","418708","24.203979861860773","本月營收較去年同期增加，主要係今年較多專案工程同時完成驗收所致。"
"1150514","11504","6219","富旺","建材營造","63497","276199","295","-77.0104164026662","21424.406779661018","1212186","6360","18959.528301886792","因建案完工入帳時間差異，本月營業收入及累計營業收入較去年同期產生較大波動。"
"1150514","11504","6220","岳豐","電子零組件業","824595","615178","735599","34.04169199808836","12.098439503044458","2900301","3003696","-3.442259136743532","-"
"1150514","11504","6221","晉泰","資訊服務業","278248","327004","480730","-14.909909358906924","-42.119692966946104","1311500","1991885","-34.15784545794561","-"
"1150514","11504","6222","立軒","光電業","248","565","233","-56.10619469026549","6.437768240343348","1122","1292","-13.157894736842104","-"
"1150514","11504","6223","旺矽","半導體業","1485961","1388492","973788","7.019773970609841","52.59594490792657","5419028","3802486","42.51276664792454","本月合併營收較去年同期大幅成長，主要受惠客戶 AI 及高效能運算晶片相關測試需求持續強勁，帶動公司出貨動能提升。"
"1150514","11504","6227","茂綸","電子通路業","2612295","2001886","2207507","30.49169633036047","18.336884095950772","7456393","5648412","32.00866013314893","-"
"1150514","11504","6228","全譜","電腦及週邊設備業","2911","6247","1446","-53.40163278373619","101.31396957123098","16444","19416","-15.306963329213021","依客戶訂單出貨"
"1150514","11504","6229","研通","半導體業","318146","333624","202177","-4.639354482890919","57.360134931273095","967383","651306","48.52972335584195","本月增加較多純買賣的低毛利商品，致使營收較去年同期大幅度增加。"
"1150514","11504","6231","系微","資訊服務業","124114","209488","108389","-40.753646986939586","14.507929771471275","562936","515367","9.230121447434547","-"
"1150514","11504","6233","旺玖","半導體業","34808","33046","38148","5.33196150820069","-8.755373807276921","121463","131769","-7.821262967769354","-"
"1150514","11504","6234","高僑","光電業","40836","49618","40091","-17.69922205651175","1.8582724302212468","169741","132033","28.559526784970423","-"
"1150514","11504","6236","中湛","其他","2541","3006","3151","-15.469061876247505","-19.358933671850206","10535","15262","-30.972349626523393","-"
"1150514","11504","6237","驊訊","半導體業","84309","47260","39010","78.3939906898011","116.12150730581902","204630","131636","55.451396274575345","主要係受惠於無線電競市場需求持續增溫，帶動相關產品出貨動能強勁。"
"1150514","11504","6240","松崗","資訊服務業","4033","4109","3234","-1.8495984424434169","24.70624613481756","16556","13006","27.295094571736122","-"
"1150514","11504","6241","鑫永洋","通信網路業","55944","64524","61591","-13.29737771991817","-9.168547352697635","223006","256670","-13.115673822417891","-"
"1150514","11504","6242","立康","生技醫療業","54121","53518","56467","1.126723719122538","-4.154638992685993","175681","191260","-8.14545644672174","-"
"1150514","11504","6244","茂迪","光電業","308449","281061","258471","9.744503862150921","19.336018354090015","1069986","1051904","1.718978157702604","-"
"1150514","11504","6245","立端","通信網路業","700457","722282","532821","-3.021672975375269","31.46197315796487","2241868","2237231","0.20726514159691153","-"
"1150514","11504","6246","臺龍","光電業","133811","91023","150138","47.00789910242466","-10.87466197764723","409005","509069","-19.656274493241582","-"
"1150514","11504","6248","沛波","鋼鐵工業","502651","535939","746511","-6.211154627672179","-32.66663183797694","2016299","2686406","-24.944368051590118","-"
"1150514","11504","6259","百徽","電子零組件業","58013","70143","48506","-17.29324380194745","19.599637158289696","229275","161544","41.92727677908186","-"
"1150514","11504","6261","久元","半導體業","331219","384962","330620","-13.96059870844395","0.1811747625672978","1394328","1324666","5.258835057289913","-"
"1150514","11504","6263","普萊德","通信網路業","187653","175325","165476","7.031512904605732","13.401943484251493","636334","623875","1.997034662392306","-"
"1150514","11504","6264","富裔","建材營造","20405","4902","3191","316.25866993064056","539.4547163898465","30482","26256","16.095368677635587","收入較去年同月增加，主係為子公司快意業務增加所致。"
"1150514","11504","6265","方土昶","電子通路業","496262","391752","50340","26.677591945924974","885.8204211362734","1272535","196110","548.8883789709856","受市場需求成長影響。"
"1150514","11504","6266","泰詠","電子零組件業","272647","258667","300348","5.404632210525502","-9.222968023759107","1013650","1078464","-6.009843629458192","-"
"1150514","11504","6270","倍微","電子通路業","288650","272947","249793","5.753131560339553","15.555680103125388","1008759","996759","1.2039018458825053","-"
"1150514","11504","6274","台燿","電子零組件業","4610166","3781706","2328755","21.907044069528407","97.96698235752581","14665984","8697547","68.62207240731209","產品組合優化"
"1150514","11504","6275","元山","電子零組件業","349056","403011","443553","-13.387972040465396","-21.30455661442939","1478380","1430331","3.35929235960068","-"
"1150514","11504","6276","安鈦克","電腦及週邊設備業","57241","56473","144450","1.359941919147203","-60.37313949463482","296055","547805","-45.95613402579385","主係因去年營收基期較高，且近期記憶體缺貨致客戶拉貨節奏放緩"
"1150514","11504","6279","胡連","電子零組件業","863002","652357","773560","32.289835166940804","11.562386886602203","2986417","3101049","-3.6965555849004645","-"
"1150514","11504","6284","佳邦","電子零組件業","626534","563083","701207","11.268498605001394","-10.649209149366735","2301278","2564492","-10.263787136009784","-"
"1150514","11504","6290","良維","電子零組件業","911964","920262","879625","-0.9016997333368106","3.6764530339633366","3521653","3220849","9.339276693815822","-"
"1150514","11504","6291","沛亨","半導體業","239818","248454","168752","-3.4758949342735477","42.11268607186878","899883","610311","47.4466296691359","-"
"1150514","11504","6292","迅德","電子零組件業","100621","107784","78847","-6.645698805017442","27.615508516493968","387318","309802","25.02114253620054","-"
"1150514","11504","6294","智基","文化創意業","81843","78708","96545","3.983076688519591","-15.228131959190016","293778","343822","-14.555205891420561","-"
"1150514","11504","6411","晶焱","半導體業","224841","203637","196543","10.412646031909722","14.397867133400833","881714","778700","13.22897136252729","-"
"1150514","11504","6417","韋僑","通信網路業","172819","158652","140530","8.929606938456496","22.976588628762542","600624","509767","17.823240813940487","-"
"1150514","11504","6418","詠昇","電子零組件業","86592","61818","90818","40.07570610501796","-4.653262569094233","261278","264040","-1.0460536282381456","-"
"1150514","11504","6419","京晨科","光電業","126978","120439","29620","5.429304461179519","328.6900742741391","380467","191313","98.87148285793438","美國子公司陸續接獲專案建置工程，致使營收增加"
"1150514","11504","6423","億而得","半導體業","42909","2211","32370","1840.7055630936227","32.557924003707136","107723","102014","5.596290705197326","-"
"1150514","11504","6425","易發","電機機械","116001","170056","88054","-31.786587947499648","31.73847866082177","521144","378463","37.70011863775323","-"
"1150514","11504","6432","今展科","電子零組件業","113847","106524","108008","6.874507153317563","5.406081031034738","407526","395158","3.1298872855920923","-"
"1150514","11504","6435","大中","半導體業","310312","306481","273432","1.2499959214437437","13.48781415489043","1257854","1184956","6.151958384952691","-"
"1150514","11504","6441","廣錠","電腦及週邊設備業","12578","9305","28184","35.174637291778616","-55.37184217996026","40279","108966","-63.035258704550046","因客戶舊專案已全數出貨，新專案尚未開始出貨，使本期拉貨數量減少，致營收下降。"
"1150514","11504","6461","益得","生技醫療業","5556","8617","3867","-35.52280376000928","43.67726920093095","23173","11523","101.10214353900894","本年較去年同期增加，主要因經銷商備貨及外銷通路拓展銷售增加所致。"
"1150514","11504","6462","神盾","半導體業","372846","780119","332808","-52.20652233825865","12.03035984711906","2642169","1410183","87.36355494286911","主係合併子公司營收陸續於本年度出貨"
"1150514","11504","6465","威潤","通信網路業","26360","23001","14562","14.603712882048606","81.01909078423293","97465","53499","82.18097534533356","本月因增加其他電子產品銷售、致本月較上期營收增加"
"1150514","11504","6469","大樹","生技醫療業","1502814","1682826","1521537","-10.697006107583315","-1.2305320212390498","6341328","6191387","2.421767529634313","-"
"1150514","11504","6470","宇智","通信網路業","72362","82560","175343","-12.352228682170542","-58.731172615958435","341003","729693","-53.26760706214805","終端客戶庫存調節"
"1150514","11504","6474","華豫寧","電子通路業","357016","418880","350352","-14.768907563025211","1.9020870438872906","1333968","1323810","0.7673306592335758","-"
"1150514","11504","6482","弘煜科","文化創意業","22439","29117","44339","-22.935055122437063","-49.392182954058505","115399","186875","-38.24802675585284","-"
"1150514","11504","6485","點序","半導體業","108850","119280","133872","-8.744131455399062","-18.690988406836382","446885","530848","-15.81676864187112","-"
"1150514","11504","6486","互動","通信網路業","110263","198402","103454","-44.42445136641768","6.581669147640497","574817","517401","11.097002131808791","-"
"1150514","11504","6488","環球晶","半導體業","4747927","5445917","5283369","-12.816757949120415","-10.13448048016332","18732725","20877891","-10.274821340910345","-"
"1150514","11504","6492","生華科","生技醫療業","80","80","83","0.0","-3.6144578313253013","320","333","-3.903903903903904","-"
"1150514","11504","6494","九齊","半導體業","155207","170826","116373","-9.143221757812043","33.37028348500082","539664","399385","35.123752769883694","-"
"1150514","11504","6496","科懋","生技醫療業","85334","66000","66213","29.293939393939393","28.87801489133554","303392","276117","9.878058938783196","-"
"1150514","11504","6498","久禾光","光電業","137524","125260","100178","9.790835063068817","37.27964223681846","482529","356277","35.43647218316085","-"
"1150514","11504","6499","益安","生技醫療業","37139","36113","35914","2.841082158779387","3.4109261012418557","151427","137793","9.894551972886866","-"
"1150514","11504","6506","雙邦","紡織纖維","203630","232491","190808","-12.41381386806371","6.719844031696784","774976","712424","8.780164621068353","-"
"1150514","11504","6508","惠光","農業科技","188492","231179","231252","-18.46491247042335","-18.490650891667965","649998","666648","-2.4975699319580946","-"
"1150514","11504","6509","聚和","化學工業","516008","472234","470118","9.269557041636139","9.76137905802373","1896652","1780751","6.508546113409455","-"
"1150514","11504","6510","精測","半導體業","523179","487462","401780","7.32713524336256","30.215291950818855","1880565","1554154","21.00248752697609","-"
"1150514","11504","6512","啟發電","其他電子業","5764","17758","26513","-67.54138979614821","-78.25972164598498","40142","73708","-45.53915450154664","受舊產品需求趨緩及新舊產品交替影響，本月營收較去年同期減少，惟新產品需求增溫，後續營運可望逐步提升。"
"1150514","11504","6516","勤崴國際","資訊服務業","48660","60780","45907","-19.94076999012833","5.996906789814189","228984","179730","27.40443999332332","-"
"1150514","11504","6517","保勝光學","光電業","30467","45561","37459","-33.12921138693181","-18.665741210390028","135370","166829","-18.857033249614876","-"
"1150514","11504","6523","達爾膚","生技醫療業","61055","79781","66472","-23.47175392637345","-8.149295944156938","337403","413492","-18.40156520561462","-"
"1150514","11504","6527","明達醫","生技醫療業","61551","69305","81734","-11.188225957723107","-24.69351799740622","249855","306226","-18.4082997524704","-"
"1150514","11504","6530","創威","通信網路業","31534","32280","26694","-2.3110285006195785","18.1314152993182","123496","105462","17.099998103582333","-"
"1150514","11504","6532","瑞耘","半導體業","73657","63819","58688","15.415471881414625","25.506065976008724","229394","251249","-8.698542083749587","-"
"1150514","11504","6535","順藥","生技醫療業","78","503","469","-84.49304174950298","-83.36886993603412","4561","9365","-51.297383876134546","本月勞務收入較去年同期減少；本年度累積銷貨收入及勞務收入皆較去年度減少。"
"1150514","11504","6538","倉和","電子零組件業","130088","124129","161447","4.800650935720098","-19.42371180635131","440586","587105","-24.956183306222908","-"
"1150514","11504","6542","隆中","文化創意業","80843","90343","70642","-10.515479893295552","14.440417881713428","348363","291452","19.52671451902886","-"
"1150514","11504","6546","正基","通信網路業","200931","200821","217439","0.05477514801738862","-7.592014312059934","705116","818368","-13.838762023930554","-"
"1150514","11504","6547","高端疫苗","生技醫療業","38720","43527","42027","-11.043719989891331","-7.868751040997454","144652","157454","-8.130628628043747","-"
"1150514","11504","6548","長科*","半導體業","1384069","1327268","1111593","4.279542639466935","24.512209054932875","5055917","4292018","17.798131321909647","-"
"1150514","11504","6556","勝品","光電業","148116","138340","114389","7.066647390487206","29.48447840264361","515945","471182","9.500150684873361","-"
"1150514","11504","6560","欣普羅","光電業","26562","24708","13554","7.503642544924721","95.97166888003541","105820","58376","81.27312594216801","因主要客戶訂單逐漸回穩並陸續開始出貨。"
"1150514","11504","6561","是方","通信網路業","349835","347580","354601","0.6487715058403821","-1.3440458430743285","1331991","1307624","1.863456161710094","-"
"1150514","11504","6568","宏觀","半導體業","120852","148300","91735","-18.50842886041807","31.74033902000327","466106","361458","28.951634768078172","-"
"1150514","11504","6569","醫揚","生技醫療業","96613","194288","105330","-50.273305608169316","-8.275894806797684","473983","415271","14.138237440129458","-"
"1150514","11504","6570","維田","電腦及週邊設備業","91272","101470","83201","-10.050261160934266","9.700604560041345","333715","289435","15.29877174495137","-"
"1150514","11504","6574","霈方","生技醫療業","72854","67580","57321","7.80408404853507","27.098271139721916","268306","208218","28.85821590832685","-"
"1150514","11504","6576","逸達","生技醫療業","52217","40441","58834","29.11896342820405","-11.246898052146717","132528","169296","-21.718174085625176","-"
"1150514","11504","6577","勁豐","電腦及週邊設備業","164642","198933","165014","-17.23746185901786","-0.22543541760093083","708383","704548","0.5443206140674589","-"
"1150514","11504","6578","達邦蛋白","農業科技","36372","33976","36722","7.05203673181069","-0.9531071292413267","118464","105319","12.481128761192188","胜&#32957;蛋白系列產品客戶需求穩定；達邦專利技術益生元系列替抗新產品的國內外銷售量逐月提升；代工業務穩定成長"
"1150514","11504","6584","南俊國際","電子零組件業","277784","312165","205566","-11.013726715038521","35.13129603144489","1144672","705106","62.34041406540293","主係雲端CSP客戶的GB系列AI伺服器導軌持續出貨以及通用型伺服器導軌出貨增溫所致"
"1150514","11504","6588","東典光電","通信網路業","27142","28798","10610","-5.750399333287034","155.81526861451462","122784","46051","166.62613189724436","光通與網通需求回升帶動營收回穩"
"1150514","11504","6590","普鴻","資訊服務業","60466","60749","50423","-0.4658512897331643","19.91749796719751","222189","211570","5.019142600557735","-"
"1150514","11504","6593","台灣銘板","資訊服務業","41335","46807","24596","-11.69055910440746","68.05578142787445","171264","182640","-6.228646517739816","訂單成長"
"1150514","11504","6596","寬宏藝術","文化創意業","270939","143311","15012","89.05666696903936","1704.816147082334","874998","478295","82.9410719325939","本期展演節目較去年同期多"
"1150514","11504","6597","立誠","電子零組件業","47250","64152","51345","-26.346801346801346","-7.975460122699387","206802","258461","-19.987154735143793","-"
"1150514","11504","6603","富強鑫","電機機械","406047","409245","361505","-0.781438991313272","12.321268032254048","1455396","1383299","5.21196068239766","-"
"1150514","11504","6609","瀧澤科","電機機械","231505","183708","197301","26.017919742199577","17.335948626717553","723209","784108","-7.766659694837956","-"
"1150514","11504","6612","奈米醫材","生技醫療業","113401","110145","97564","2.95610331835308","16.232421794924356","412016","395213","4.251631398764717","-"
"1150514","11504","6613","朋億*","其他電子業","711107","1069777","543584","-33.527548264731806","30.81823600400306","3052774","2692881","13.364608387819588","-"
"1150514","11504","6615","慧智","生技醫療業","30161","34368","33190","-12.241038175046555","-9.12624284423019","124038","129108","-3.9269448833534715","-"
"1150514","11504","6616","特昇-KY","居家生活","44859","63746","71794","-29.628525711417186","-37.517062707190014","256367","370723","-30.846750808555175","-"
"1150514","11504","6617","共信-KY","生技醫療業","3750","3094","3485","21.202327084680025","7.604017216642755","12862","11097","15.90519960349644","自2018年度起依據國際會計準則公報15號規定認列收入"
"1150514","11504","6620","漢達","生技醫療業","62071","78718","561228","-21.14764094616225","-88.94014553799882","271453","742171","-63.42446686814764","營收差異主要係114年4月份認列Phyrago授權收入所致"
"1150514","11504","6624","萬年清","綠能環保","40596","13305","62269","205.1183765501691","-34.80544090960189","130401","162629","-19.816883827607622","-"
"1150514","11504","6629","泰金-KY","居家生活","265349","264718","110347","0.23836686587236228","140.46779704024576","961955","511385","88.1077857191744","新系列產品訂單成長"
"1150514","11504","6637","醫影","生技醫療業","45115","52738","59503","-14.454473055481817","-24.180293430583333","234739","184390","27.305710721839578","-"
"1150514","11504","6640","均華","半導體業","333601","299570","137661","11.35994926060687","142.3351566529373","1163906","567881","104.95596788763844","配合客戶出貨"
"1150514","11504","6642","富致","電子零組件業","58575","56110","55767","4.393156300124755","5.035235892194309","199766","193205","3.3958748479594214","-"
"1150514","11504","6643","M31","半導體業","168686","120108","129028","40.445265927332066","30.735964286821464","563434","563553","-0.021116026354220455","-"
"1150514","11504","6649","台生材","生技醫療業","11496","11530","8848","-0.2948829141370338","29.92766726943942","37895","76483","-50.4530418524378","出貨及勞務收入較去年同期減少"
"1150514","11504","6651","全宇昕","半導體業","157731","152040","145998","3.7430939226519335","8.036411457691202","554057","532939","3.9625548139655757","-"
"1150514","11504","6654","天正國際","其他電子業","60229","41103","23353","46.5318833175194","157.90690703549865","182122","107950","68.70958777211672","主係因為客戶需求增加及新設備出貨所致"
"1150514","11504","6661","威健生技","生技醫療業","30803","28767","24535","7.077554141898704","25.547177501528427","114569","102426","11.85538828031945","-"
"1150514","11504","6662","樂斯科","生技醫療業","22266","26182","24537","-14.95684057749599","-9.25541019684558","83279","84407","-1.3363820536211453","-"
"1150514","11504","6664","群翊","電子零組件業","237443","236478","216531","0.4080717868046922","9.65773953844946","904653","787924","14.81475370721034","-"
"1150514","11504","6667","信紘科","其他電子業","477831","673921","488304","-29.09688227551894","-2.144770470854222","2020733","1842806","9.655221439478709","-"
"1150514","11504","6679","鈺太","半導體業","187763","187338","162284","0.22686267601874685","15.700253875921225","724906","681623","6.3499911241258","-"
"1150514","11504","6680","鑫創電子","電腦及週邊設備業","46437","54229","34040","-14.36869571631415","36.41891891891892","191859","152979","25.415253073951327","-"
"1150514","11504","6683","雍智科技","半導體業","217571","220276","179862","-1.2280048666218744","20.96551800825077","882219","634108","39.12756186643285","-"
"1150514","11504","6684","安格","半導體業","26086","33824","30796","-22.87724692526017","-15.294194051175477","100209","110320","-9.165155910079768","-"
"1150514","11504","6690","安碁資訊","數位雲端","211706","257435","185108","-17.763318896032008","14.368908961255052","836513","701436","19.257209495948313","-"
"1150514","11504","6692","進能服","綠能環保","54873","59921","72238","-8.42442549356653","-24.03859464547745","191902","834493","-77.00376156540558","本年累計營收較去年同期減少77.00%，主要係工程收入較去年同期增加所致。"
"1150514","11504","6693","廣閎科","半導體業","204370","193378","110056","5.6842039942496045","85.69637275568802","719070","423477","69.80142959357887","終端需求增加及新品導入量產"
"1150514","11504","6697","東捷資訊","資訊服務業","98685","103852","106166","-4.97534953587798","-7.046512066009834","518163","496596","4.342966918783075","-"
"1150514","11504","6703","軒郁","生技醫療業","347474","308356","288945","12.6859863274916","20.256104102856945","1091979","969209","12.66703053727318","-"
"1150514","11504","6708","天擎","半導體業","22542","20127","28175","11.998807571918318","-19.99290150842946","74473","90585","-17.7866092620191","-"
"1150514","11504","6712","長聖","生技醫療業","85233","70103","67544","21.582528565111335","26.18885467250977","275724","245468","12.32584287972363","-"
"1150514","11504","6716","應廣","半導體業","175536","135851","124466","29.21215154838757","41.03128565230666","544454","343624","58.444695364700955","基期低"
"1150514","11504","6720","久昌","半導體業","37498","31628","46663","18.559504236752243","-19.640828922272465","125786","179640","-29.978846582052995","-"
"1150514","11504","6721","信實","其他","308763","306305","294670","0.8024681281728996","4.782638205450165","1232961","1163614","5.95962234899202","-"
"1150514","11504","6725","矽科宏晟","其他電子業","310193","333801","362139","-7.0724773143279975","-14.344215895001643","1248590","1067823","16.928554638736944","-"
"1150514","11504","6727","亞泰金屬","電子零組件業","161075","191326","106567","-15.81123318315336","51.14904238647987","854974","366868","133.04676341354383","當月認列台數較多"
"1150514","11504","6728","上洋","居家生活","584555","463403","613031","26.143982667354333","-4.64511582611646","1647033","1594451","3.2978122250229074","-"
"1150514","11504","6730","常廣","生技醫療業","39180","37541","41323","4.36589329000293","-5.185973912833047","153738","157026","-2.0939207519773797","-"
"1150514","11504","6732","昇佳電子","半導體業","356389","363304","367955","-1.9033646753132363","-3.143319155875039","1400798","1531017","-8.505392167428578","-"
"1150514","11504","6733","博晟生醫","生技醫療業","19603","16608","19424","18.033477842003855","0.9215403624382208","74548","66896","11.438651040420952","係銷售醫療器材及抗生素之收入。"
"1150514","11504","6735","美達科技","其他電子業","34974","43863","20085","-20.265371725600165","74.12994772218073","128651","84395","52.439125540612594","本月訂單需求增加"
"1150514","11504","6739","竹陞科技","其他電子業","110238","100094","55061","10.134473594820868","100.21067543270192","394523","202924","94.41909286235241","因客戶產線升級需求"
"1150514","11504","6741","91APP*-KY","數位雲端","173441","188092","131481","-7.789273334325755","31.91335630243153","714576","543374","31.507212343616","-"
"1150514","11504","6751","智聯服務","資訊服務業","108282","226759","178063","-52.24798133701419","-39.18893874639875","570679","680525","-16.14136144888138","-"
"1150514","11504","6752","叡揚","資訊服務業","160482","163439","168867","-1.8092376972448436","-4.965446179537743","644430","625834","2.9713949705512963","-"
"1150514","11504","6761","穩得","電子零組件業","177260","166649","177920","6.367274931142701","-0.37095323741007197","632372","713038","-11.313001551109478","-"
"1150514","11504","6762","達亞","生技醫療業","60153","52018","70068","15.63881733246184","-14.150539475937661","195941","233701","-16.15739770048053","-"
"1150514","11504","6763","綠界科技*","數位雲端","154113","172935","140103","-10.883858096972851","9.999785871822873","610919","545274","12.038901543077426","-"
"1150514","11504","6767","台微醫","生技醫療業","28563","31603","25068","-9.619339936082017","13.94207754906654","110929","106774","3.8913967819881243","-"
"1150514","11504","6785","昱展新藥","生技醫療業","0","250","0","-100.0","","250","0","","無"
"1150514","11504","6788","華景電","半導體業","231192","206937","228183","11.720958552602966","1.3186784291555462","888749","803669","10.586447903303474","-"
"1150514","11504","6791","虎門科技","資訊服務業","68841","74964","63205","-8.167920601888907","8.917016058856102","270471","244386","10.673688345486239","-"
"1150514","11504","6803","崑鼎","綠能環保","716324","784537","698469","-8.694682341304489","2.556305290571235","3007664","2917307","3.097274301264831","-"
"1150514","11504","6804","明係","運動休閒","118494","153300","88266","-22.704500978473583","34.24648222418598","538670","429635","25.37851897540936","-"
"1150514","11504","6811","宏碁資訊","數位雲端","884400","1003963","711762","-11.909104219976234","24.2550178289934","3841267","3247984","18.266192197991124","-"
"1150514","11504","6821","聯寶","電子零組件業","59113","44107","75433","34.0218105969574","-21.635093394137844","181181","213562","-15.162341615081335","-"
"1150514","11504","6823","濾能","半導體業","63256","68265","41788","-7.337581483922947","51.373600076577006","201997","168108","20.159064410973897","市場需求增加。"
"1150514","11504","6829","千附精密","半導體業","170183","281032","132788","-39.44355091235162","28.16143024972136","774578","559548","38.429232165962524","-"
"1150514","11504","6840","東研信超","其他電子業","87661","82286","79363","6.532095374668838","10.455753940753247","300854","276071","8.977038515454359","-"
"1150514","11504","6841","長佳智能","生技醫療業","33015","30056","28071","9.844956081980303","17.612482633322646","102360","99847","2.516850781695995","-"
"1150514","11504","6843","進典","電機機械","65283","62806","59377","3.9438907110785593","9.946612324637487","245305","227488","7.832061471374314","-"
"1150514","11504","6844","諾貝兒","生技醫療業","273163","283355","273539","-3.5969014134213264","-0.1374575471870556","1121711","1144254","-1.9701045397263195","-"
"1150514","11504","6846","綠茵","食品工業","64250","99378","64304","-35.34786371229045","-0.08397611346105996","262342","297065","-11.688687660949624","-"
"1150514","11504","6855","數泓科","其他電子業","51071","46956","44411","8.76352329840702","14.99628470423994","184180","213768","-13.841173608772127","-"
"1150514","11504","6856","鑫傳","文化創意業","63675","53262","63669","19.55052382561676","0.009423738397022098","235232","230905","1.8739308373573547","-"
"1150514","11504","6859","伯特光","光電業","57090","59776","93639","-4.493442184154175","-39.03181366738218","229766","399481","-42.48387282499043","-"
"1150514","11504","6865","偉康科技","數位雲端","20038","13458","26621","48.89285183533958","-24.728597723601666","67686","136445","-50.39319872476089","主係受營運轉型規劃影響，降低一次性勞務收入占比，致累計營業收入較去年同期減少。"
"1150514","11504","6870","騰雲","數位雲端","85894","81717","47336","5.111543497681021","81.4559743113064","296003","202507","46.169268222826865","本月增加原因係海外市場訂單業務增加及國內新大型商場開業。"
"1150514","11504","6872","浩宇生醫","生技醫療業","1302","16917","399","-92.30359992906544","226.31578947368422","19542","1513","1191.606080634501","本月係租賃及勞務收入增加；本年主係銷售醫療器材之收入增加所致"
"1150514","11504","6874","倍力","資訊服務業","98291","178247","67466","-44.85685593586428","45.689680728070435","1044307","588363","77.49365612725477","客戶需求調整"
"1150514","11504","6875","國邑*","生技醫療業","0","1792","0","-100.0","","1792","0","","本年累計營收成長，主係本年度新增研發用藥收入，致使累計營收較去年同期增加。"
"1150514","11504","6877","鏵友益","其他電子業","24116","20401","18090","18.209891671976862","33.31122166943062","63039","146327","-56.919092170276166","累計營收減少，主要係因出貨減少所致"
"1150514","11504","6881","潤德","其他","215938","215124","200136","0.37838641899555603","7.895630970939761","860348","776038","10.864158713877414","-"
"1150514","11504","6884","海柏特","資訊服務業","114293","103073","86120","10.88548892532477","32.713655364607526","420893","373173","12.787634689540775","-"
"1150514","11504","6894","衛司特","綠能環保","191600","237561","101715","-19.347030867861307","88.3694636975864","706781","423381","66.9373448501468","因應客戶訂單需求，電解設備與耗材之銷售增加，且本年度納入新事業體，營運範疇擴大，以上使本月及本年累計營收較去年同期成長。"
"1150514","11504","6895","宏碩系統","半導體業","28322","31632","54411","-10.464087000505817","-47.948025215489515","125085","159085","-21.372222396831884","-"
"1150514","11504","6899","創為精密","光電業","92608","88090","107966","5.1288454989215575","-14.224848563436638","353893","382876","-7.56981372559262","-"
"1150514","11504","6903","巨漢","其他電子業","697780","734462","175742","-4.994404067194763","297.0479452834268","2623536","595574","340.505461957708","本月營收較去年同期增加50%以上，主係目前進行中之專案本月進入施工高峰期所致。"
"1150514","11504","6904","伯鑫","其他","63557","83256","65539","-23.660757182665513","-3.024153557423824","292996","313159","-6.438582317608627","-"
"1150514","11504","6907","雅特力-KY","半導體業","286721","259437","129352","10.51661867813766","121.6595027521801","939857","503214","86.77083705938229","終端市場需求成長帶動營收大幅增加"
"1150514","11504","6910","德鴻","數位雲端","33162","37805","30623","-12.281444253405635","8.291153707997257","114775","101257","13.350188135141273","-"
"1150514","11504","6913","鴻呈","電子零組件業","302964","238626","241511","26.96185662920218","25.445217816165723","1015355","820075","23.81245617778862","無"
"1150514","11504","6922","宸曜","電腦及週邊設備業","180137","200746","141852","-10.266207047712035","26.989397400107155","692135","560221","23.546778860485414","-"
"1150514","11504","6925","意藍","數位雲端","16771","15850","15692","5.8107255520504735","6.87611521794545","63452","59667","6.343539980223574","-"
"1150514","11504","6929","佑全","生技醫療業","262339","272005","264405","-3.553611146853918","-0.7813770541404285","1059230","1062277","-0.28683667254397865","-"
"1150514","11504","6953","家碩","半導體業","115250","86936","101322","32.568786233551116","13.746274254357395","380536","348105","9.316441878168943","-"
"1150514","11504","6961","旅天下","觀光餐旅","333979","396867","301903","-15.84611469333555","10.624604591540992","1555210","1519820","2.328565224829256","-"
"1150514","11504","6967","汎瑋材料","電子零組件業","129268","158907","117947","-18.65179004071564","9.598378932910544","508523","412709","23.215873654318177","-"
"1150514","11504","6968","萬達寵物","居家生活","295294","299761","259674","-1.490187182455356","13.717199257530597","1216091","1044625","16.41411989948546","無"
"1150514","11504","6971","惠民實業","綠能環保","149309","183154","158938","-18.478984897954728","-6.058337213252966","642816","602071","6.767474267985005","-"
"1150514","11504","6982","大井泵浦","電機機械","161210","189218","146030","-14.801974442177805","10.395124289529548","644324","575461","11.966579837730098","-"
"1150514","11504","6996","力領科技","半導體業","285600","268790","252096","6.253952900033483","13.29017517136329","1005675","876391","14.751863038301398","-"
"1150514","11504","6997","博弘","數位雲端","552324","399473","352747","38.26316171556025","56.57794396550502","1673199","1402140","19.331807094869273","本業成長及Renova Cloud納入合併報表，致本月營收較去年同期增幅達50%以上。"
"1150514","11504","7402","邑錡","光電業","45236","46220","43694","-2.1289485071397665","3.529088662058864","146619","169406","-13.451117433857124","-"
"1150514","11504","7547","碩網","數位雲端","24465","35380","23720","-30.850763143018654","3.1408094435075884","115205","85527","34.70015316800543","因與客戶簽訂合約增補協議，合約期間修改，故調整相關收入與成本認列金額，對整體損益無重大影響。"
"1150514","11504","7556","意德士科技","半導體業","71075","75320","62964","-5.63595326606479","12.881964297058637","284214","255345","11.305880279621688","-"
"1150514","11504","7584","樂意","文化創意業","69713","62312","75645","11.87732699961484","-7.8418930530768725","294360","384945","-23.531933133304758","-"
"1150514","11504","7642","昶瑞機電","電機機械","49627","36661","71987","35.36728403480538","-31.061163821245504","173531","302505","-42.6353283416803","-"
"1150514","11504","7703","銳澤","其他電子業","257349","149705","208318","71.90407802010621","23.536612294664888","796866","707963","12.557577161518328","-"
"1150514","11504","7704","明遠精密","半導體業","59796","66061","59714","-9.483659042400205","0.13732123120206316","234341","219055","6.978156170824679","-"
"1150514","11504","7708","全家餐飲","觀光餐旅","238513","230600","206011","3.4314830875975715","15.776827450961356","960083","852096","12.67310256121376","-"
"1150514","11504","7709","榮田","電機機械","152694","86800","93732","75.9147465437788","62.904877736525414","336606","265803","26.63739686910983","主係3月因美伊戰爭出貨遞延；本月受航太、半導體產業需求增加，營收成長。"
"1150514","11504","7712","博盛半導體","半導體業","131150","115019","127418","14.024639407402255","2.9289425355915175","461324","443239","4.080191499394232","-"
"1150514","11504","7713","威力德生醫","生技醫療業","114957","102328","82822","12.341685560159487","38.80007727415421","393901","327955","20.108246558216827","-"
"1150514","11504","7714","創泓科技","數位雲端","144205","158714","160399","-9.1416006149426","-10.096072918160338","590212","582064","1.3998460650375217","-"
"1150514","11504","7715","裕山","綠能環保","102162","78500","87379","30.14267515923567","16.918252669405693","293967","525907","-44.10285468723558","-"
"1150514","11504","7716","昱臺國際","航運業","164912","153014","178833","7.775759080868418","-7.784357473173296","611235","698973","-12.552416187749742","-"
"1150514","11504","7717","萊德光電-KY","通信網路業","94536","80379","120234","17.612809315866084","-21.37332202205699","350718","323936","8.26768250518621","-"
"1150514","11504","7718","友鋮","鋼鐵工業","172082","216246","183751","-20.4230367266909","-6.350441630249631","803244","779715","3.017641061156961","-"
"1150514","11504","7723","築間","觀光餐旅","309909","321832","372795","-3.7047279325859455","-16.868788476240294","1397256","1712209","-18.394541787830807","-"
"1150514","11504","7728","光焱科技","其他電子業","20136","31638","26507","-36.35501611985587","-24.035160523635266","120100","111207","7.996798762667818","受淡旺季週期影響，以及部分訂單出貨略有延誤至5月影響，營收略減，隨第二季指標性設備出貨，將加快推進半導體相關檢測設備發展"
"1150514","11504","7734","印能科技","半導體業","393468","291525","247623","34.96887059428865","58.898002204964804","1269714","729177","74.12973804714082","主要係因市場需求較去年同期成長所致。"
"1150514","11504","7738","東聯互動","數位雲端","49501","49706","43473","-0.41242505934897195","13.866077795413245","198508","169661","17.002728971301597","-"
"1150514","11504","7743","金利食安","食品工業","80099","60164","83798","33.134432551027196","-4.414186496097759","234175","203476","15.087283021093397","-"
"1150514","11504","7744","崴寶","電子零組件業","354317","336156","196288","5.402551196468306","80.50874225627649","1240412","732147","69.42116815338996","主係客戶需求增加所致。"
"1150514","11504","7747","昕奇雲端","數位雲端","134070","156669","131486","-14.424678781379852","1.965228237226777","573367","564408","1.587326898272172","-"
"1150514","11504","7751","竑騰","半導體業","241048","220353","144166","9.391748694140764","67.2016980425343","859500","501281","71.46071764140272","本公司為設備業，每月營收高低起伏屬常態，主要係今年同期客戶驗收機台較多所致。"
"1150514","11504","7753","星亞","光電業","76180","62775","70130","21.35404221425727","8.626835876229858","272444","272183","0.09589136720515241","-"
"1150514","11504","7757","金色三麥","觀光餐旅","163717","182621","161549","-10.351492982734735","1.3420076880698735","728540","703943","3.49417495450626","-"
"1150514","11504","7767","仁大資訊","資訊服務業","231627","183378","173770","26.311225992212805","33.295160269321514","768259","768408","-0.01939074033586324","-"
"1150514","11504","7770","君曜","半導體業","26133","18509","41800","41.19077205683721","-37.48086124401914","79527","131576","-39.55812610202469","-"
"1150514","11504","7772","耀穎","半導體業","38924","37778","44199","3.0335115675790143","-11.934659155184507","133159","153776","-13.407163666631984","-"
"1150514","11504","7777","能率亞洲","其他","112447","-106459","-9386","205.62470058895914","1298.0289793309184","67428","-66048","202.0893895348837","營業收入為投資標的之評價損益(含已實現及未實現)，投資標的的股數及公允價值變動情形，請參考本公司網站投資人專區/財務資訊。"
"1150514","11504","7782","光速火箭","居家生活","50686","56628","47814","-10.49304231122413","6.00660894298741","241261","241335","-0.030662771665941533","-"
"1150514","11504","7792","安葆","其他電子業","336638","607094","454080","-44.549279024335604","-25.86372445384073","1704575","1554383","9.662483441983088","-"
"1150514","11504","7794","宏碁智新","居家生活","100271","90417","87579","10.898393001316125","14.492058598522476","359114","263835","36.11310099114977","-"
"1150514","11504","7805","威聯通","數位雲端","625032","586485","568257","6.572546612445331","9.991077980561611","2393897","2185245","9.548219993639156","-"
"1150514","11504","7810","捷創科技","半導體業","83816","60738","45879","37.99598274556291","82.68924780400619","258071","169594","52.16988808566341","本月全產品線出貨較去年同期成長。"
"1150514","11504","7811","民盛","運動休閒","237796","245797","213893","-3.2551251642615653","11.175213775111855","906837","1033194","-12.229745817339241","-"
"1150514","11504","7820","立盈","綠能環保","33506","33714","21238","-0.6169543809693302","57.764384593652885","131451","81218","61.84958999236623","本年營收較去年同期成長，主要係產能較去年同期擴增所致。"
"1150514","11504","7828","創新服務","半導體業","130035","63692","404","104.16221817496702","32086.881188118812","282313","100690","180.37838911510576","本月及累計營收成長顯著,主係終端需求強勁帶動設備出貨量提升。目前訂單能見度良好,後續將依時程持續交付,營運動能維持成長趨勢"
"1150514","11504","7842","天能綠電","綠能環保","278159","296193","181982","-6.088597637351322","52.8497323911156","1000200","568364","75.97877416585146","本月及本年累計營收增加，主要係因售電業務成長所致。"
"1150514","11504","8024","佑華","半導體業","23800","17323","17906","37.389597644749756","32.91634089132135","58483","61523","-4.941241486923589","-"
"1150514","11504","8027","鈦昇","電機機械","157194","145504","125905","8.034143391246976","24.8512767562845","539538","440817","22.395007452071948","-"
"1150514","11504","8032","光菱","電子通路業","430127","489834","298011","-12.189231453921124","44.33259174996896","1620988","1138439","42.38689995687077","註：本月(年)新台幣(累計)營業收入淨額=本月(年)功能性貨幣(累計)營業收入淨額x本月(年累計)換算匯率"
"1150514","11504","8034","榮群","通信網路業","47550","8669","23032","448.50617141538817","106.45189301840917","95435","59893","59.3424941145042","主係本月結案金額較去年同期高"
"1150514","11504","8038","長園科","電子零組件業","60934","59125","52846","3.0596194503171246","15.304848049048177","226369","91064","148.58231573398928","配合客戶需求出貨"
"1150514","11504","8040","九暘","半導體業","70137","73660","55580","-4.782785772468096","26.191075926592298","266429","218455","21.960586848550044","-"
"1150514","11504","8042","金山電","電子零組件業","429996","373932","323720","14.993100349796219","32.82960583220067","1533287","1164839","31.630809064600342","-"
"1150514","11504","8043","蜜望實","電子零組件業","525130","1008392","414133","-47.92402161064348","26.802259177607194","2427895","1466748","65.52911611265193","客戶需求增加,致使全年度銷貨收入較去年同期成長"
"1150514","11504","8044","網家","數位雲端","2999642","3178212","2718207","-5.618567924354951","10.35370006772847","12588334","11667870","7.888877747180934","-"
"1150514","11504","8047","星雲","其他電子業","39275","25275","42598","55.390702274975276","-7.800835719986853","129496","154223","-16.033276489239608","-"
"1150514","11504","8048","德勝","通信網路業","122070","105724","91902","15.461011690817601","32.82627146308024","391748","341304","14.779785762838994","-"
"1150514","11504","8049","晶采","光電業","133440","110538","120742","20.71866688378657","10.51663878352189","418256","444939","-5.997001836206761","-"
"1150514","11504","8050","廣積","電腦及週邊設備業","577423","495234","556670","16.595993005326775","3.7280615086137208","1806674","2104330","-14.144929740107303","-"
"1150514","11504","8054","安國","半導體業","231120","518864","156481","-55.456535816707266","47.698442622427","1934394","537702","259.75205597152325","主係今年度訂單陸續於本年度出貨所致。"
"1150514","11504","8059","凱碩","通信網路業","829644","1174618","252439","-29.36903742323036","228.65127813055827","2922950","432314","576.1173591417349","新增子公司合併營收"
"1150514","11504","8064","東捷","光電業","193110","251479","146806","-23.21028793656727","31.540945192975762","866522","665029","30.29837796547218","-"
"1150514","11504","8066","來思達","居家生活","361560","280804","416749","28.758849589037194","-13.242743233936974","1206488","1487752","-18.90530142120461","-"
"1150514","11504","8067","志旭","電子通路業","7723","8027","9166","-3.787218138781612","-15.74296312459088","29257","41995","-30.332182402666984","-"
"1150514","11504","8068","全達","電子通路業","103175","111469","88147","-7.440633718791772","17.04879349268835","436036","267658","62.90788991922528","新增子公司營收"
"1150514","11504","8069","元太","光電業","2894681","3249686","3310267","-10.924286223345886","-12.554455577148309","11528171","11369704","1.3937653961791794","-"
"1150514","11504","8071","能率網通","電子零組件業","205240","182245","179572","12.617630113309007","14.293987926848283","725444","665572","8.995570727133954","-"
"1150514","11504","8074","鉅橡","電子零組件業","143856","148286","113864","-2.9874701590170347","26.340195320733507","508152","414581","22.57001647446458","-"
"1150514","11504","8076","伍豐","電腦及週邊設備業","260813","214313","178934","21.69723721846085","45.759330255848525","913267","606193","50.65614416530709","國外彩票機專案出貨"
"1150514","11504","8077","洛碁","觀光餐旅","88326","99284","87636","-11.037025099713953","0.7873476653430097","358536","349969","2.447931102469076","-"
"1150514","11504","8080","泰霖","建材營造","5298","4949","16102","7.051929682764195","-67.09725499937896","31924","76270","-58.14343778681002","減少土方工程營收"
"1150514","11504","8083","瑞穎","電機機械","140105","135246","147967","3.592712538633305","-5.3133468949157585","484658","428434","13.123141487370283","-"
"1150514","11504","8084","巨虹","電子通路業","33907","50749","35794","-33.18686082484384","-5.2718332681455","200912","216874","-7.3600339367559044","-"
"1150514","11504","8085","福華","其他電子業","50175","48442","50563","3.5774740927294495","-0.767359531673358","225587","208225","8.338095809821107","-"
"1150514","11504","8086","宏捷科","半導體業","447976","431994","299878","3.69958842020954","49.38608367402744","1670294","1071636","55.86393140954578","因客戶需求增加"
"1150514","11504","8087","麗升能源","綠能環保","142622","131863","4784","8.15922586320651","2881.2290969899664","419333","97971","328.017474558798","本月及本年累計營收較去年同期及去年累計數增加，主要係因本月EPC工程案件依進度認列收入所致。"
"1150514","11504","8088","品安","半導體業","97128","188747","95105","-48.540639056514806","2.1271226539088377","601162","386827","55.408490100225684","係因DRAM IC 報價上漲所致"
"1150514","11504","8089","康全電訊","通信網路業","63489","55262","54045","14.887264304585429","17.474326949764084","159037","437130","-63.617916866835955","係亞洲客戶出貨減少所致。"
"1150514","11504","8091","翔名","半導體業","272523","255284","201487","6.752871311950612","35.25587258731333","924168","673650","37.18815408594968","-"
"1150514","11504","8092","建暐","其他電子業","40713","17518","33608","132.40666742778856","21.14079980956915","93606","77331","21.04589362610079","-"
"1150514","11504","8093","保銳","電子零組件業","14695","11317","34746","29.848899885128567","-57.70736199850342","78118","85069","-8.17101411795131","因整體DRAM售價過高,造成PC市場成本大幅上升,以致其相關週邊商品銷售量大幅萎縮"
"1150514","11504","8096","擎亞","電子通路業","4356942","4626019","3590208","-5.8165995427169666","21.35625568212204","14530352","18117114","-19.797645474880824","-"
"1150514","11504","8097","常珵","通信網路業","38202","35082","58086","8.893449632290062","-34.23200082636091","110508","169312","-34.73114723114723","客戶依銷售情形調整訂單"
"1150514","11504","8099","大世科","資訊服務業","360464","500890","315165","-28.035297171035555","14.373106150746434","1525760","1223189","24.736242722915264","-"
"1150514","11504","8102","傑霖科技","半導體業","32574","54363","38936","-40.08056950499421","-16.339634271625233","134006","149464","-10.3422897821549","-"
"1150514","11504","8107","大億金茂","電機機械","33189","77628","76013","-57.246096769206986","-56.33773170378751","242494","345087","-29.72960441859589","本期因客戶訂單需求減少影響"
"1150514","11504","8109","博大","電子零組件業","183743","181798","152291","1.069868755431853","20.652566468143227","656907","544525","20.638538175474036","-"
"1150514","11504","8111","立碁","光電業","66155","64318","71722","2.856121148045648","-7.761914057053624","261104","270313","-3.406791386281829","-"
"1150514","11504","8121","越峰","電子零組件業","304567","315303","220125","-3.404978703025344","38.360931289040316","1157290","939180","23.223450243829724","-"
"1150514","11504","8147","正淩","電子零組件業","210281","165655","175914","26.93912046119948","19.536250667940017","669965","540414","23.972546973246438","-"
"1150514","11504","8155","博智","電子零組件業","538300","534499","416303","0.7111332294354152","29.304857279433488","2074027","1544060","34.32295377122651","-"
"1150514","11504","8171","天宇","綠能環保","52636","26885","14230","95.7820345917798","269.89458889669714","146148","94067","55.36585625139528","本月及本年累計營收較去年同期增加主要係工程收入增加所致"
"1150514","11504","8176","智捷","通信網路業","27323","9080","19296","200.91409691629957","41.5992951907131","92966","146490","-36.53764762099802","-"
"1150514","11504","8182","加高","電子零組件業","257157","247535","225333","3.8871270729391805","14.123097815233454","925525","916627","0.9707329153516098","-"
"1150514","11504","8183","精星","其他電子業","716301","697553","634657","2.6876810794305235","12.864271567161474","2601249","2283241","13.927920880888177","-"
"1150514","11504","8227","巨有科技","半導體業","272523","151624","88765","79.73605761620851","207.0162789387709","642102","284937","125.34876130513061","主要係本期委託設計服務收入及量產收入增加所致。"
"1150514","11504","8234","新漢","電腦及週邊設備業","474454","413456","463303","14.753202275453736","2.406848218120755","1621185","2113059","-23.277816662951672","-"
"1150514","11504","8240","華宏","光電業","559928","592994","633450","-5.576110382229837","-11.606598784434446","2171865","2518200","-13.753276149630688","-"
"1150514","11504","8255","朋程","電機機械","678296","725959","768905","-6.565522295336238","-11.784160592010716","2715415","2885237","-5.885894295685242","-"
"1150514","11504","8272","全景軟體","資訊服務業","33122","29416","26779","12.598585803644275","23.68647074199933","113165","103516","9.321264345608409","-"
"1150514","11504","8277","商丞","半導體業","8627","8645","21018","-0.20821283979178715","-58.954229707869445","34208","73882","-53.69914187488157","前端客戶需求減少"
"1150514","11504","8279","生展","生技醫療業","234352","149111","236355","57.16613797774812","-0.8474540415899812","651012","722265","-9.865215675686901","-"
"1150514","11504","8284","三竹","資訊服務業","260376","266332","224902","-2.2363065647387472","15.77309228019315","1000090","903892","10.642643147632683","-"
"1150514","11504","8289","泰藝","電子零組件業","167304","161550","177466","3.5617455896007426","-5.726167265842471","608342","607071","0.20936595554720946","-"
"1150514","11504","8291","尚茂","電子零組件業","895","501","201","78.64271457085829","345.27363184079604","1993","581","243.02925989672977","2026 年 4 月營收較去年同期增加，主係訂單增加所致。"
"1150514","11504","8299","群聯","半導體業","20207493","18316974","6002833","10.321131645434448","236.6326033058058","61174446","19841398","208.3172163574361","係總出貨量及均價增加"
"1150514","11504","8342","益張","其他","148903","136202","140667","9.325120042290127","5.8549624289989834","524640","511126","2.6439664583683866","-"
"1150514","11504","8349","恒耀國際","鋼鐵工業","1006385","1054487","983027","-4.561649408669808","2.3761300554308273","3852248","3784167","1.7991013610128728","-"
"1150514","11504","8354","冠好","其他","65801","74298","56493","-11.436377829820453","16.476377604304957","238577","218640","9.118642517380168","-"
"1150514","11504","8358","金居","電子零組件業","900770","860691","663276","4.656607307384416","35.80621038602332","3432796","2391237","43.55733036917712","-"
"1150514","11504","8383","千附","半導體業","353166","423475","255335","-16.602869118602044","38.31476295846633","1358193","1068244","27.14258165737416","-"
"1150514","11504","8390","金益鼎","綠能環保","594820","534838","451048","11.214984724346438","31.875099767652223","2247770","1556686","44.39456640581338","-"
"1150514","11504","8401","白紗科","其他","137151","140201","128181","-2.1754481066468854","6.997917007980902","504533","478118","5.524786768120004","-"
"1150514","11504","8403","盛弘","生技醫療業","385049","395880","354585","-2.735930079822168","8.59145197907413","1459753","1402152","4.108042494679607","-"
"1150514","11504","8409","商之器","生技醫療業","8459","16162","10484","-47.66118054696201","-19.315146890499808","60097","33763","77.99662352279123","本年累計完成驗收之合約增加"
"1150514","11504","8410","森田","電腦及週邊設備業","80021","72068","103849","11.03541100072154","-22.944852622557754","273741","341912","-19.938171225344533","-"
"1150514","11504","8415","大國鋼","鋼鐵工業","2493461","2394105","2102859","4.1500268367511035","18.574806965184067","9109153","7981134","14.133567986704646","-"
"1150514","11504","8416","實威","資訊服務業","145359","177623","126180","-18.164314306142785","15.199714693295292","559604","522330","7.136101698160167","-"
"1150514","11504","8421","旭源","其他","124385","111609","96216","11.447105520164145","29.276835453562818","422644","387483","9.074204545747813","-"
"1150514","11504","8423","保綠-KY","綠能環保","40156","36845","38698","8.986293934048039","3.7676365703653936","138741","134753","2.95948884254896","-"
"1150514","11504","8424","惠普","建材營造","93927","97522","93285","-3.686347695904514","0.6882135391542048","361219","368582","-1.997655881187904","-"
"1150514","11504","8426","紅木-KY","其他","193095","161538","175391","19.535341529547228","10.094018507221008","755814","689762","9.576056668822","-"
"1150514","11504","8431","匯鑽科","其他電子業","71817","83670","94530","-14.16636787378989","-24.027292922881625","325174","329923","-1.4394267753384882","-"
"1150514","11504","8432","東生華","生技醫療業","108356","108802","85070","-0.40991893531368906","27.37275185141648","394173","372189","5.906676446644044","-"
"1150514","11504","8433","弘帆","居家生活","256529","248936","190425","3.050181572773725","34.71392936851779","1093453","963406","13.498670342513956","-"
"1150514","11504","8435","鉅邁","其他","52514","56664","48123","-7.323874064661866","9.124535045612285","208336","195937","6.328054425657227","-"
"1150514","11504","8436","大江","生技醫療業","605516","611009","531086","-0.8990047609773342","14.01467935513269","2246572","2118040","6.068440633793507","-"
"1150514","11504","8437","大地-KY","其他","14176","31431","14976","-54.89803060672585","-5.3418803418803416","67794","84341","-19.619165056141142","-"
"1150514","11504","8440","綠電","綠能環保","83345","66046","79054","26.192350785815947","5.4279353353404005","263187","321669","-18.18080076103075","-"
"1150514","11504","8444","綠河-KY","其他","140805","110920","325819","26.94284168770285","-56.78428820909769","605940","1417292","-57.246636543492805","本月因受美伊戰事影響造成主要銷售地區馬來西亞卡車運費漲逾7成，部分客戶延緩拉貨，且去年韓國市場基期較高。"
"1150514","11504","8446","華研","文化創意業","108419","74267","105770","45.98543094510348","2.5044908764299896","325976","332121","-1.8502292839055645","-"
"1150514","11504","8450","霹靂","文化創意業","18049","91404","17265","-80.25359940484005","4.5409788589632205","148556","75815","95.945393391809","本年累計較去年同期累計增加係因3月完成電影外包拍攝所致。"
"1150514","11504","8455","大拓-KY","其他電子業","112744","135043","120831","-16.51251823493258","-6.6928188958131605","427638","397091","7.6926951252987354","-"
"1150514","11504","8472","夠麻吉","數位雲端","39825","47286","45175","-15.778454510848878","-11.842833425567239","162653","125111","30.006953825003396","-"
"1150514","11504","8477","創業家","數位雲端","61674","31011","41989","98.87781754861179","46.88132606158756","144215","181633","-20.600881998315284","-"
"1150514","11504","8489","三貝德","其他","162104","178873","102733","-9.374807824545908","57.791556753915486","639165","408095","56.6216199659393","主要係114年10月取得弋果文化股權。該公司及其子公司本月營收為57,353千元，併入本期營收後，與去年同期比較成長達57.79%。"
"1150514","11504","8905","裕國","其他","199296","192094","167990","3.749206117838142","18.635633073397226","703168","659405","6.636740698053548","-"
"1150514","11504","8906","花王","其他","13773","15971","17885","-13.762444430530337","-22.991333519709254","73919","68861","7.345231698639288","-"
"1150514","11504","8908","欣雄","油電燃氣業","918696","969976","930010","-5.2867287438039705","-1.2165460586445307","3335143","3599643","-7.347950894019212","-"
"1150514","11504","8916","光隆","其他","615829","591031","838084","4.195719006278859","-26.519418101288178","2062165","2506572","-17.72967223762174","-"
"1150514","11504","8917","欣泰","油電燃氣業","281106","296848","283355","-5.303050719560179","-0.7937040108697571","1076570","1104212","-2.503323637127653","-"
"1150514","11504","8921","沈氏","其他","52529","51903","48970","1.2060959867445042","7.267714927506637","199430","197363","1.047308766080775","-"
"1150514","11504","8923","時報","文化創意業","36697","27976","26050","31.173148412925364","40.87140115163148","147294","157869","-6.698591870474887","-"
"1150514","11504","8924","大田","運動休閒","402364","392545","309362","2.5013692697652496","30.06251575823792","1413588","1185084","19.28167117267637","-"
"1150514","11504","8927","北基","油電燃氣業","1357699","1581609","901070","-14.157102039758247","50.67630705716537","4721423","3491683","35.21911926139916","因本月份有出售營建用地營收，去年同期則無。"
"1150514","11504","8928","鉅明","運動休閒","185113","287304","317780","-35.56894439339515","-41.74806469884826","939573","1356195","-30.719918595777155","-"
"1150514","11504","8929","富堡","其他","64945","68384","60976","-5.028954141319607","6.509118341642614","244172","247818","-1.471240991372701","-"
"1150514","11504","8930","青鋼","鋼鐵工業","119907","137641","141016","-12.884242340581658","-14.969223350541782","464939","488532","-4.829366346523871","-"
"1150514","11504","8931","大汽電","油電燃氣業","223250","231829","187914","-3.7005724046603317","18.804346669221026","844034","807256","4.555927735439563","-"
"1150514","11504","8932","智通*","其他","253621","235662","199409","7.6206600979368755","27.186335621762307","858608","717564","19.655947065348876","-"
"1150514","11504","8933","愛地雅","運動休閒","203604","188767","259747","7.8599543352386805","-21.614494103878005","690323","1003623","-31.2169011670717","-"
"1150514","11504","8935","邦泰","其他","40024","73806","44000","-45.771346502994334","-9.036363636363637","174090","173024","0.616099500647309","-"
"1150514","11504","8936","國統","其他","556462","660390","509014","-15.737367313254289","9.321551077180589","2271957","1862878","21.9595164041875","-"
"1150514","11504","8937","合騏*","其他","104766","82937","7777","26.319977814485693","1247.126141185547","277528","29984","825.5869797225187","合併子公司屹海風電獲利,挹注營收"
"1150514","11504","8938","明安","運動休閒","1085333","1300393","1322954","-16.538077335082548","-17.961395483138492","5186785","5874538","-11.707354688998523","-"
"1150514","11504","8941","關中","居家生活","248157","281263","269764","-11.770478164564837","-8.009593570676591","995484","976619","1.931664241633636","-"
"1150514","11504","8942","森鉅","其他","250438","300091","460370","-16.545981052414103","-45.60071247040424","821189","1859098","-55.82863302526279","北美市場因關稅因素，需求下降，以致營業額減少。"
"1150514","11504","9949","琉園","文化創意業","11174","8948","8828","24.87706750111757","26.57453556864522","45677","44659","2.2794957343424618","-"
"1150514","11504","9950","萬國通","塑膠工業","148449","201459","152636","-26.313046327044212","-2.7431274404465524","719545","730922","-1.5565272354642492","-"
"1150514","11504","9951","皇田","電機機械","505137","580542","502543","-12.988724330022634","0.5161747352962831","2186119","1937202","12.849305338317842","-"
"1150514","11504","9960","邁達康","運動休閒","73746","71086","49387","3.741946374813606","49.32269625609978","258504","229076","12.84639159056383","-"
"1150514","11504","9962","有益","鋼鐵工業","198479","101328","216653","95.87774356545081","-8.388529122606196","540163","841956","-35.8442721472381","-"
